timestamp,sound,current,temperature,vibration
2025-03-08 12:00:00,68.73,1.52,348.64,0.07
2025-03-08 12:00:05,97.54,1.49,376.65,0.03
2025-03-08 12:00:10,86.6,2.81,371.22,0.09
2025-03-08 12:00:15,79.93,1.5,298.47,0.07
2025-03-08 12:00:20,57.8,1.54,297.91,0.02
2025-03-08 12:00:25,57.8,2.52,312.18,0.1
2025-03-08 12:00:30,52.9,1.9,323.33,0.06
2025-03-08 12:00:35,93.31,2.55,329.01,0.02
2025-03-08 12:00:40,80.06,1.13,361.56,0.07
2025-03-08 12:00:45,85.4,1.98,286.8,0.03
2025-03-08 12:00:50,51.03,1.07,284.16,0.08
2025-03-08 12:00:55,98.5,1.13,327.03,0.08
2025-03-08 12:01:00,91.62,2.81,363.66,0.1
2025-03-08 12:01:05,60.62,1.28,303.21,0.06
2025-03-08 12:01:10,59.09,2.06,356.98,0.05
2025-03-08 12:01:15,59.17,1.82,311.18,0.08
2025-03-08 12:01:20,65.21,1.69,386.33,0.02
2025-03-08 12:01:25,76.24,2.8,387.48,0.06
2025-03-08 12:01:30,71.6,1.04,315.67,0.06
2025-03-08 12:01:35,64.56,2.33,307.6,0.02
2025-03-08 12:01:40,80.59,2.93,329.36,0.05
2025-03-08 12:01:45,56.97,2.12,308.86,0.09
2025-03-08 12:01:50,64.61,2.87,360.69,0.09
2025-03-08 12:01:55,68.32,1.1,379.13,0.02
2025-03-08 12:02:00,72.8,1.84,360.77,0.02
2025-03-08 12:02:05,89.26,1.52,378.92,0.03
2025-03-08 12:02:10,59.98,2.46,327.64,0.09
2025-03-08 12:02:15,75.71,2.96,298.76,0.02
2025-03-08 12:02:20,79.62,1.51,368.55,0.07
2025-03-08 12:02:25,52.32,2.31,323.26,0.02
2025-03-08 12:02:30,80.38,1.4,360.55,0.07
2025-03-08 12:02:35,58.53,2.13,312.48,0.04
2025-03-08 12:02:40,53.25,1.93,289.75,0.08
2025-03-08 12:02:45,97.44,2.94,399.11,0.03
2025-03-08 12:02:50,98.28,2.22,298.74,0.07
2025-03-08 12:02:55,90.42,1.7,398.61,0.03
2025-03-08 12:03:00,65.23,1.23,397.27,0.07
2025-03-08 12:03:05,54.88,1.3,375.26,0.09
2025-03-08 12:03:10,84.21,1.45,359.13,0.02
2025-03-08 12:03:15,72.01,1.5,349.34,0.09
2025-03-08 12:03:20,56.1,2.7,383.93,0.06
2025-03-08 12:03:25,74.76,2.12,314.73,0.02
2025-03-08 12:03:30,51.72,2.05,336.12,0.05
2025-03-08 12:03:35,95.47,1.23,354.33,0.02
2025-03-08 12:03:40,62.94,2.72,329.34,0.07
2025-03-08 12:03:45,83.13,2.45,331.3,0.08
2025-03-08 12:03:50,65.59,1.14,319.63,0.02
2025-03-08 12:03:55,76.0,2.42,347.71,0.06
2025-03-08 12:04:00,77.34,2.09,382.07,0.08
2025-03-08 12:04:05,59.24,1.16,304.18,0.09
2025-03-08 12:04:10,98.48,1.92,392.13,0.06
2025-03-08 12:04:15,88.76,1.97,362.69,0.1
2025-03-08 12:04:20,96.97,1.33,378.79,0.06
2025-03-08 12:04:25,94.74,2.89,346.74,0.05
2025-03-08 12:04:30,79.89,2.7,373.54,0.09
2025-03-08 12:04:35,96.09,2.34,281.94,0.05
2025-03-08 12:04:40,54.42,1.92,378.21,0.05
2025-03-08 12:04:45,59.8,1.82,284.82,0.05
2025-03-08 12:04:50,52.26,2.3,386.79,0.09
2025-03-08 12:04:55,66.27,2.09,399.04,0.08
2025-03-08 12:05:00,69.43,1.12,315.29,0.05
2025-03-08 12:05:05,63.57,2.03,305.24,0.04
2025-03-08 12:05:10,91.44,2.61,371.84,0.05
2025-03-08 12:05:15,67.84,1.92,310.36,0.06
2025-03-08 12:05:20,64.05,1.1,383.87,0.03
2025-03-08 12:05:25,77.13,2.57,292.34,0.08
2025-03-08 12:05:30,57.05,1.4,295.11,0.05
2025-03-08 12:05:35,90.11,1.52,397.5,0.04
2025-03-08 12:05:40,53.73,1.33,360.86,0.02
2025-03-08 12:05:45,99.34,1.66,381.63,0.03
2025-03-08 12:05:50,88.61,2.51,318.92,0.1
2025-03-08 12:05:55,59.94,2.04,361.18,0.04
2025-03-08 12:06:00,50.28,1.41,351.31,0.03
2025-03-08 12:06:05,90.77,2.76,352.38,0.05
2025-03-08 12:06:10,85.34,2.76,361.9,0.04
2025-03-08 12:06:15,86.45,2.74,349.04,0.01
2025-03-08 12:06:20,88.56,1.48,331.49,0.04
2025-03-08 12:06:25,53.7,1.9,313.11,0.06
2025-03-08 12:06:30,67.92,2.97,372.23,0.06
2025-03-08 12:06:35,55.79,2.54,307.15,0.04
2025-03-08 12:06:40,93.16,1.05,363.08,0.05
2025-03-08 12:06:45,81.16,1.13,308.0,0.1
2025-03-08 12:06:50,66.54,1.93,355.04,0.04
2025-03-08 12:06:55,53.18,2.82,369.65,0.03
2025-03-08 12:07:00,65.55,2.08,306.25,0.03
2025-03-08 12:07:05,66.26,2.0,287.19,0.05
2025-03-08 12:07:10,86.48,1.21,295.72,0.08
2025-03-08 12:07:15,81.88,2.31,352.72,0.03
2025-03-08 12:07:20,94.36,2.64,381.93,0.07
2025-03-08 12:07:25,73.61,1.76,285.4,0.01
2025-03-08 12:07:30,55.98,2.55,368.1,0.05
2025-03-08 12:07:35,85.66,2.93,320.96,0.08
2025-03-08 12:07:40,88.04,1.41,337.42,0.04
2025-03-08 12:07:45,78.06,2.05,391.46,0.06
2025-03-08 12:07:50,88.55,1.57,319.84,0.03
2025-03-08 12:07:55,74.69,2.59,335.84,0.08
2025-03-08 12:08:00,76.14,2.16,281.64,0.01
2025-03-08 12:08:05,71.38,2.27,289.79,0.09
2025-03-08 12:08:10,51.27,2.6,311.03,0.03
2025-03-08 12:08:15,55.39,1.79,283.34,0.09
2025-03-08 12:08:20,51.57,2.83,355.77,0.04
2025-03-08 12:08:25,81.82,2.07,331.17,0.08
2025-03-08 12:08:30,65.72,1.32,345.78,0.04
2025-03-08 12:08:35,75.43,2.39,300.96,0.09
2025-03-08 12:08:40,95.38,2.59,315.51,0.02
2025-03-08 12:08:45,62.46,1.63,359.66,0.03
2025-03-08 12:08:50,70.52,2.71,395.84,0.05
2025-03-08 12:08:55,87.78,2.81,286.05,0.02
2025-03-08 12:09:00,61.44,1.55,386.85,0.03
2025-03-08 12:09:05,53.85,2.97,349.23,0.09
2025-03-08 12:09:10,64.49,1.28,347.67,0.1
2025-03-08 12:09:15,58.06,1.4,340.03,0.04
2025-03-08 12:09:20,96.48,1.37,288.33,0.09
2025-03-08 12:09:25,90.41,2.79,290.79,0.06
2025-03-08 12:09:30,81.67,2.31,352.11,0.03
2025-03-08 12:09:35,93.57,1.3,320.92,0.07
2025-03-08 12:09:40,90.18,1.88,390.07,0.07
2025-03-08 12:09:45,59.33,2.23,328.79,0.1
2025-03-08 12:09:50,94.63,1.17,297.19,0.03
2025-03-08 12:09:55,76.97,2.76,365.77,0.07
2025-03-08 12:10:00,90.37,2.61,315.2,0.01
2025-03-08 12:10:05,94.8,2.01,343.06,0.02
2025-03-08 12:10:10,65.9,2.93,363.74,0.01
2025-03-08 12:10:15,55.5,1.84,388.03,0.1
2025-03-08 12:10:20,61.4,2.97,375.06,0.08
2025-03-08 12:10:25,71.36,2.34,361.16,0.08
2025-03-08 12:10:30,90.9,2.27,361.56,0.06
2025-03-08 12:10:35,93.04,1.33,393.51,0.04
2025-03-08 12:10:40,50.35,2.76,315.5,0.02
2025-03-08 12:10:45,75.54,1.85,280.13,0.04
2025-03-08 12:10:50,70.87,1.32,312.63,0.04
2025-03-08 12:10:55,61.11,1.03,306.15,0.08
2025-03-08 12:11:00,55.99,2.12,359.42,0.06
2025-03-08 12:11:05,66.88,2.05,356.05,0.02
2025-03-08 12:11:10,97.15,2.44,351.22,0.01
2025-03-08 12:11:15,66.16,2.78,281.95,0.02
2025-03-08 12:11:20,75.94,1.16,367.45,0.05
2025-03-08 12:11:25,85.15,2.46,318.82,0.09
2025-03-08 12:11:30,68.18,1.37,359.81,0.07
2025-03-08 12:11:35,98.59,2.72,346.79,0.08
2025-03-08 12:11:40,98.12,2.64,321.13,0.05
2025-03-08 12:11:45,62.59,2.08,296.15,0.04
2025-03-08 12:11:50,74.86,2.42,291.33,0.02
2025-03-08 12:11:55,65.04,1.63,379.78,0.09
2025-03-08 12:12:00,64.24,1.94,390.21,0.08
2025-03-08 12:12:05,51.84,2.64,357.97,0.03
2025-03-08 12:12:10,80.48,1.92,292.41,0.06
2025-03-08 12:12:15,75.13,1.72,328.24,0.05
2025-03-08 12:12:20,52.57,1.99,367.47,0.07
2025-03-08 12:12:25,63.93,2.66,373.58,0.1
2025-03-08 12:12:30,95.41,1.67,294.19,0.06
2025-03-08 12:12:35,61.98,1.35,280.0,0.06
2025-03-08 12:12:40,57.24,2.42,365.46,0.01
2025-03-08 12:12:45,74.47,2.65,322.79,0.02
2025-03-08 12:12:50,99.28,1.2,310.54,0.03
2025-03-08 12:12:55,62.1,1.48,281.55,0.01
2025-03-08 12:13:00,83.61,1.28,344.84,0.08
2025-03-08 12:13:05,88.08,1.7,382.14,0.08
2025-03-08 12:13:10,61.88,1.9,394.92,0.02
2025-03-08 12:13:15,86.41,2.5,347.89,0.09
2025-03-08 12:13:20,68.39,2.3,341.74,0.02
2025-03-08 12:13:25,81.62,2.24,290.21,0.04
2025-03-08 12:13:30,81.68,1.7,345.86,0.03
2025-03-08 12:13:35,76.79,2.68,325.6,0.04
2025-03-08 12:13:40,54.51,1.94,352.86,0.03
2025-03-08 12:13:45,91.77,2.96,326.65,0.05
2025-03-08 12:13:50,66.04,2.27,308.84,0.05
2025-03-08 12:13:55,59.33,1.25,291.4,0.1
2025-03-08 12:14:00,52.04,2.35,317.79,0.02
2025-03-08 12:14:05,79.54,1.65,291.6,0.02
2025-03-08 12:14:10,83.88,2.37,301.23,0.01
2025-03-08 12:14:15,50.83,1.14,398.48,0.07
2025-03-08 12:14:20,75.6,1.35,333.29,0.01
2025-03-08 12:14:25,61.32,2.71,343.82,0.09
2025-03-08 12:14:30,82.26,1.45,384.83,0.06
2025-03-08 12:14:35,58.72,2.67,399.47,0.06
2025-03-08 12:14:40,84.55,1.56,349.93,0.06
2025-03-08 12:14:45,69.34,2.29,377.5,0.03
2025-03-08 12:14:50,96.84,2.39,319.23,0.03
2025-03-08 12:14:55,56.88,2.03,316.69,0.04
2025-03-08 12:15:00,67.05,1.61,328.32,0.06
2025-03-08 12:15:05,55.67,1.43,360.7,0.03
2025-03-08 12:15:10,96.23,1.07,361.86,0.02
2025-03-08 12:15:15,93.87,1.61,317.83,0.1
2025-03-08 12:15:20,62.9,2.31,295.99,0.01
2025-03-08 12:15:25,83.0,2.88,355.89,0.08
2025-03-08 12:15:30,90.86,2.74,295.4,0.08
2025-03-08 12:15:35,77.76,2.53,349.42,0.04
2025-03-08 12:15:40,76.48,2.58,363.21,0.02
2025-03-08 12:15:45,62.09,2.33,364.07,0.02
2025-03-08 12:15:50,54.66,1.52,370.42,0.07
2025-03-08 12:15:55,94.86,2.81,384.74,0.07
2025-03-08 12:16:00,95.02,2.34,340.0,0.08
2025-03-08 12:16:05,81.66,2.12,367.63,0.09
2025-03-08 12:16:10,66.95,1.22,354.3,0.07
2025-03-08 12:16:15,67.46,1.89,302.4,0.02
2025-03-08 12:16:20,86.3,1.92,283.08,0.03
2025-03-08 12:16:25,94.86,2.73,314.14,0.09
2025-03-08 12:16:30,94.35,2.09,333.16,0.03
2025-03-08 12:16:35,88.99,1.76,354.05,0.02
2025-03-08 12:16:40,82.1,2.95,382.0,0.07
2025-03-08 12:16:45,54.21,1.22,303.55,0.05
2025-03-08 12:16:50,58.08,1.85,295.07,0.09
2025-03-08 12:16:55,94.93,1.08,395.62,0.07
2025-03-08 12:17:00,80.32,2.48,292.97,0.02
2025-03-08 12:17:05,50.46,2.84,337.42,0.1
2025-03-08 12:17:10,55.07,1.56,350.27,0.03
2025-03-08 12:17:15,83.18,2.72,344.96,0.04
2025-03-08 12:17:20,50.25,1.58,290.32,0.05
2025-03-08 12:17:25,58.04,2.82,286.84,0.01
2025-03-08 12:17:30,77.44,2.51,292.66,0.05
2025-03-08 12:17:35,84.59,2.61,350.27,0.02
2025-03-08 12:17:40,82.6,1.04,345.32,0.05
2025-03-08 12:17:45,61.21,2.93,308.05,0.04
2025-03-08 12:17:50,85.61,2.45,356.53,0.08
2025-03-08 12:17:55,61.86,1.61,378.41,0.08
2025-03-08 12:18:00,66.27,2.66,284.99,0.02
2025-03-08 12:18:05,87.32,1.56,339.78,0.04
2025-03-08 12:18:10,82.48,2.75,362.72,0.04
2025-03-08 12:18:15,92.46,1.23,310.28,0.02
2025-03-08 12:18:20,82.88,2.41,316.93,0.08
2025-03-08 12:18:25,78.42,2.08,353.64,0.07
2025-03-08 12:18:30,54.68,1.19,387.75,0.03
2025-03-08 12:18:35,68.39,1.48,377.19,0.04
2025-03-08 12:18:40,63.26,1.02,349.98,0.02
2025-03-08 12:18:45,62.2,1.94,367.63,0.07
2025-03-08 12:18:50,98.65,1.6,323.78,0.02
2025-03-08 12:18:55,69.65,2.2,356.92,0.1
2025-03-08 12:19:00,94.6,1.59,335.94,0.08
2025-03-08 12:19:05,81.56,1.6,302.79,0.05
2025-03-08 12:19:10,89.74,2.49,364.21,0.06
2025-03-08 12:19:15,75.13,1.1,346.78,0.09
2025-03-08 12:19:20,78.85,2.81,323.03,0.06
2025-03-08 12:19:25,74.63,2.7,389.36,0.03
2025-03-08 12:19:30,59.76,2.34,282.51,0.04
2025-03-08 12:19:35,86.12,2.19,317.89,0.09
2025-03-08 12:19:40,64.04,2.78,286.83,0.07
2025-03-08 12:19:45,51.22,1.37,371.98,0.07
2025-03-08 12:19:50,82.27,1.16,364.25,0.09
2025-03-08 12:19:55,58.86,1.48,319.76,0.09
2025-03-08 12:20:00,97.02,2.59,361.08,0.09
2025-03-08 12:20:05,97.7,1.07,327.51,0.02
2025-03-08 12:20:10,95.74,2.17,370.75,0.06
2025-03-08 12:20:15,68.51,2.99,334.5,0.08
2025-03-08 12:20:20,50.77,2.71,329.47,0.08
2025-03-08 12:20:25,96.42,2.04,392.17,0.06
2025-03-08 12:20:30,71.41,1.13,310.11,0.03
2025-03-08 12:20:35,98.33,2.66,294.45,0.08
2025-03-08 12:20:40,98.18,2.2,350.15,0.07
2025-03-08 12:20:45,92.65,1.23,396.32,0.02
2025-03-08 12:20:50,64.72,1.19,325.34,0.05
2025-03-08 12:20:55,69.25,2.82,287.44,0.03
2025-03-08 12:21:00,92.56,2.34,320.72,0.04
2025-03-08 12:21:05,65.85,2.66,340.71,0.01
2025-03-08 12:21:10,58.47,2.76,299.43,0.05
2025-03-08 12:21:15,77.84,2.14,358.97,0.06
2025-03-08 12:21:20,96.81,2.03,399.73,0.07
2025-03-08 12:21:25,84.8,1.86,334.21,0.07
2025-03-08 12:21:30,78.5,1.63,322.57,0.09
2025-03-08 12:21:35,54.86,1.87,328.08,0.03
2025-03-08 12:21:40,80.75,2.55,293.82,0.02
2025-03-08 12:21:45,99.5,2.2,385.99,0.09
2025-03-08 12:21:50,57.0,2.79,329.78,0.02
2025-03-08 12:21:55,75.92,1.89,326.47,0.1
2025-03-08 12:22:00,93.87,2.21,359.16,0.09
2025-03-08 12:22:05,87.04,2.26,333.04,0.06
2025-03-08 12:22:10,84.85,2.18,357.79,0.1
2025-03-08 12:22:15,85.12,2.41,287.37,0.02
2025-03-08 12:22:20,67.97,1.47,377.65,0.04
2025-03-08 12:22:25,64.68,2.02,392.86,0.07
2025-03-08 12:22:30,90.47,1.21,357.85,0.04
2025-03-08 12:22:35,90.51,1.77,394.55,0.09
2025-03-08 12:22:40,93.35,1.98,298.17,0.02
2025-03-08 12:22:45,95.66,2.3,337.29,0.06
2025-03-08 12:22:50,75.57,2.9,352.22,0.06
2025-03-08 12:22:55,75.08,2.2,349.81,0.07
2025-03-08 12:23:00,89.91,2.49,328.18,0.03
2025-03-08 12:23:05,82.5,2.01,320.57,0.04
2025-03-08 12:23:10,85.1,2.27,295.22,0.09
2025-03-08 12:23:15,89.79,1.14,327.01,0.03
2025-03-08 12:23:20,94.5,1.51,299.52,0.08
2025-03-08 12:23:25,66.9,1.72,368.12,0.06
2025-03-08 12:23:30,68.78,1.94,305.06,0.08
2025-03-08 12:23:35,54.7,1.09,287.03,0.07
2025-03-08 12:23:40,78.91,1.28,346.28,0.03
2025-03-08 12:23:45,51.8,1.55,351.43,0.06
2025-03-08 12:23:50,73.28,2.94,384.63,0.09
2025-03-08 12:23:55,77.13,1.66,349.24,0.05
2025-03-08 12:24:00,64.33,1.96,321.46,0.1
2025-03-08 12:24:05,79.54,1.39,376.36,0.05
2025-03-08 12:24:10,51.53,2.22,344.83,0.02
2025-03-08 12:24:15,51.87,1.56,289.51,0.05
2025-03-08 12:24:20,91.13,1.41,347.9,0.1
2025-03-08 12:24:25,68.01,2.03,388.96,0.04
2025-03-08 12:24:30,56.35,1.01,327.56,0.09
2025-03-08 12:24:35,76.11,1.02,315.56,0.09
2025-03-08 12:24:40,88.5,1.44,297.22,0.04
2025-03-08 12:24:45,60.79,1.07,298.17,0.02
2025-03-08 12:24:50,81.14,1.22,331.93,0.08
2025-03-08 12:24:55,54.27,1.68,351.48,0.04
2025-03-08 12:25:00,52.58,2.61,289.67,0.08
2025-03-08 12:25:05,76.57,2.14,392.75,0.05
2025-03-08 12:25:10,77.03,2.03,370.62,0.05
2025-03-08 12:25:15,81.87,1.59,350.39,0.08
2025-03-08 12:25:20,86.3,2.86,379.41,0.04
2025-03-08 12:25:25,98.79,1.79,289.62,0.05
2025-03-08 12:25:30,75.82,1.17,337.22,0.04
2025-03-08 12:25:35,66.15,2.23,355.61,0.04
2025-03-08 12:25:40,89.76,1.23,379.44,0.06
2025-03-08 12:25:45,63.54,1.69,374.02,0.08
2025-03-08 12:25:50,71.95,2.01,313.25,0.04
2025-03-08 12:25:55,53.92,2.75,392.91,0.06
2025-03-08 12:26:00,51.27,1.99,294.92,0.07
2025-03-08 12:26:05,98.13,2.4,385.02,0.03
2025-03-08 12:26:10,91.8,2.99,396.51,0.03
2025-03-08 12:26:15,84.8,1.26,301.26,0.09
2025-03-08 12:26:20,70.45,1.55,366.65,0.08
2025-03-08 12:26:25,58.66,1.79,284.83,0.06
2025-03-08 12:26:30,57.82,1.84,328.65,0.07
2025-03-08 12:26:35,62.51,1.82,341.95,0.01
2025-03-08 12:26:40,77.46,2.82,349.68,0.07
2025-03-08 12:26:45,85.73,2.43,392.31,0.06
2025-03-08 12:26:50,83.01,2.22,360.67,0.06
2025-03-08 12:26:55,64.0,1.62,337.75,0.04
2025-03-08 12:27:00,97.74,2.65,377.16,0.02
2025-03-08 12:27:05,86.89,2.91,394.06,0.03
2025-03-08 12:27:10,77.72,2.64,282.65,0.1
2025-03-08 12:27:15,80.59,1.0,397.9,0.05
2025-03-08 12:27:20,70.98,2.27,290.34,0.05
2025-03-08 12:27:25,62.39,1.1,377.73,0.01
2025-03-08 12:27:30,67.8,1.52,313.64,0.01
2025-03-08 12:27:35,87.89,1.12,295.86,0.07
2025-03-08 12:27:40,50.72,2.21,332.78,0.06
2025-03-08 12:27:45,55.8,2.37,357.27,0.06
2025-03-08 12:27:50,52.3,1.23,325.71,0.03
2025-03-08 12:27:55,52.04,1.77,286.55,0.08
2025-03-08 12:28:00,92.77,1.91,351.94,0.03
2025-03-08 12:28:05,85.18,1.74,388.29,0.03
2025-03-08 12:28:10,73.71,1.24,325.99,0.05
2025-03-08 12:28:15,54.89,1.84,305.96,0.04
2025-03-08 12:28:20,74.58,2.5,333.11,0.03
2025-03-08 12:28:25,73.67,1.14,285.8,0.07
2025-03-08 12:28:30,58.66,1.16,378.46,0.07
2025-03-08 12:28:35,71.69,1.71,379.16,0.08
2025-03-08 12:28:40,69.93,2.88,350.56,0.05
2025-03-08 12:28:45,80.79,2.34,322.37,0.02
2025-03-08 12:28:50,81.75,2.36,375.97,0.03
2025-03-08 12:28:55,52.27,1.72,346.56,0.1
2025-03-08 12:29:00,68.73,2.19,379.11,0.06
2025-03-08 12:29:05,81.29,1.02,355.78,0.07
2025-03-08 12:29:10,75.16,2.27,374.13,0.01
2025-03-08 12:29:15,92.82,2.83,351.83,0.06
2025-03-08 12:29:20,82.93,2.23,329.7,0.01
2025-03-08 12:29:25,58.15,2.75,394.95,0.06
2025-03-08 12:29:30,53.53,2.45,344.93,0.09
2025-03-08 12:29:35,82.12,1.24,352.61,0.1
2025-03-08 12:29:40,51.33,2.8,306.46,0.06
2025-03-08 12:29:45,79.29,1.13,355.08,0.05
2025-03-08 12:29:50,97.01,2.07,348.59,0.1
2025-03-08 12:29:55,78.77,1.28,302.18,0.07
2025-03-08 12:30:00,69.41,1.02,287.15,0.02
2025-03-08 12:30:05,82.16,1.84,352.52,0.05
2025-03-08 12:30:10,72.91,1.59,371.64,0.03
2025-03-08 12:30:15,77.28,1.97,342.81,0.05
2025-03-08 12:30:20,97.07,2.15,307.21,0.05
2025-03-08 12:30:25,69.31,1.09,359.98,0.06
2025-03-08 12:30:30,98.06,1.25,289.61,0.04
2025-03-08 12:30:35,95.27,2.12,333.02,0.02
2025-03-08 12:30:40,59.79,1.69,299.6,0.06
2025-03-08 12:30:45,53.47,2.46,302.14,0.08
2025-03-08 12:30:50,55.04,2.3,304.28,0.07
2025-03-08 12:30:55,50.91,2.69,326.4,0.04
2025-03-08 12:31:00,54.72,2.38,286.14,0.09
2025-03-08 12:31:05,84.15,1.86,327.74,0.09
2025-03-08 12:31:10,53.56,2.35,341.4,0.03
2025-03-08 12:31:15,65.95,1.55,338.0,0.01
2025-03-08 12:31:20,92.24,1.61,325.93,0.08
2025-03-08 12:31:25,51.16,2.58,380.7,0.08
2025-03-08 12:31:30,90.72,1.89,297.44,0.1
2025-03-08 12:31:35,64.09,2.6,340.68,0.09
2025-03-08 12:31:40,55.91,2.64,287.44,0.06
2025-03-08 12:31:45,84.84,2.72,288.54,0.06
2025-03-08 12:31:50,81.45,2.83,348.86,0.01
2025-03-08 12:31:55,93.87,1.86,347.92,0.03
2025-03-08 12:32:00,86.75,1.64,385.36,0.05
2025-03-08 12:32:05,90.17,2.16,346.94,0.07
2025-03-08 12:32:10,64.1,1.74,395.17,0.06
2025-03-08 12:32:15,58.87,2.2,285.84,0.08
2025-03-08 12:32:20,87.53,2.41,291.76,0.04
2025-03-08 12:32:25,90.34,2.38,285.29,0.06
2025-03-08 12:32:30,99.53,1.75,302.23,0.02
2025-03-08 12:32:35,70.63,1.33,344.95,0.05
2025-03-08 12:32:40,68.6,1.86,357.47,0.08
2025-03-08 12:32:45,88.82,1.29,285.47,0.07
2025-03-08 12:32:50,67.04,2.78,393.52,0.1
2025-03-08 12:32:55,96.54,1.69,381.06,0.04
2025-03-08 12:33:00,92.92,1.31,315.59,0.05
2025-03-08 12:33:05,71.45,1.05,289.26,0.04
2025-03-08 12:33:10,87.54,2.29,300.39,0.05
2025-03-08 12:33:15,87.73,2.27,295.23,0.09
2025-03-08 12:33:20,55.16,1.68,294.79,0.07
2025-03-08 12:33:25,95.13,1.14,342.23,0.09
2025-03-08 12:33:30,75.26,1.82,309.5,0.03
2025-03-08 12:33:35,91.32,1.62,322.98,0.09
2025-03-08 12:33:40,66.0,2.35,398.74,0.02
2025-03-08 12:33:45,94.78,2.21,362.12,0.09
2025-03-08 12:33:50,69.46,1.73,393.88,0.04
2025-03-08 12:33:55,50.54,1.44,297.11,0.04
2025-03-08 12:34:00,95.27,2.98,325.86,0.06
2025-03-08 12:34:05,54.56,1.91,346.57,0.09
2025-03-08 12:34:10,65.97,2.38,289.21,0.01
2025-03-08 12:34:15,97.5,1.28,280.5,0.04
2025-03-08 12:34:20,97.53,1.97,360.45,0.09
2025-03-08 12:34:25,78.67,1.06,357.02,0.05
2025-03-08 12:34:30,81.59,2.01,329.29,0.03
2025-03-08 12:34:35,72.42,2.93,338.76,0.05
2025-03-08 12:34:40,64.66,1.77,329.85,0.04
2025-03-08 12:34:45,66.43,1.08,282.88,0.09
2025-03-08 12:34:50,83.63,1.06,320.24,0.08
2025-03-08 12:34:55,87.62,1.78,301.25,0.06
2025-03-08 12:35:00,89.58,1.32,291.81,0.1
2025-03-08 12:35:05,89.48,1.05,394.81,0.05
2025-03-08 12:35:10,54.56,2.51,351.92,0.02
2025-03-08 12:35:15,74.72,1.92,367.44,0.03
2025-03-08 12:35:20,52.88,1.58,317.84,0.05
2025-03-08 12:35:25,77.48,2.8,327.18,0.02
2025-03-08 12:35:30,72.08,1.23,308.43,0.1
2025-03-08 12:35:35,94.39,2.91,291.64,0.08
2025-03-08 12:35:40,67.55,1.63,301.48,0.03
2025-03-08 12:35:45,55.85,2.78,375.7,0.06
2025-03-08 12:35:50,57.15,2.21,361.31,0.07
2025-03-08 12:35:55,88.08,2.65,345.63,0.09
2025-03-08 12:36:00,80.91,2.97,337.01,0.09
2025-03-08 12:36:05,55.06,1.58,390.69,0.06
2025-03-08 12:36:10,54.21,2.92,288.73,0.08
2025-03-08 12:36:15,85.05,1.78,313.67,0.06
2025-03-08 12:36:20,53.64,1.77,321.99,0.06
2025-03-08 12:36:25,91.09,1.68,373.89,0.02
2025-03-08 12:36:30,85.31,2.08,399.1,0.02
2025-03-08 12:36:35,54.07,1.31,308.88,0.06
2025-03-08 12:36:40,54.24,2.11,384.92,0.03
2025-03-08 12:36:45,99.33,2.08,379.67,0.01
2025-03-08 12:36:50,68.71,2.52,306.96,0.08
2025-03-08 12:36:55,68.53,2.67,327.92,0.01
2025-03-08 12:37:00,90.64,1.88,329.16,0.06
2025-03-08 12:37:05,97.36,1.6,397.39,0.06
2025-03-08 12:37:10,99.3,1.52,301.71,0.1
2025-03-08 12:37:15,87.67,1.39,375.9,0.05
2025-03-08 12:37:20,68.81,1.12,320.1,0.02
2025-03-08 12:37:25,54.18,1.68,367.7,0.06
2025-03-08 12:37:30,88.86,1.54,330.4,0.09
2025-03-08 12:37:35,77.92,2.93,349.4,0.1
2025-03-08 12:37:40,71.21,2.12,379.91,0.05
2025-03-08 12:37:45,95.32,1.69,376.5,0.04
2025-03-08 12:37:50,55.56,2.16,383.97,0.09
2025-03-08 12:37:55,74.63,1.28,287.15,0.03
2025-03-08 12:38:00,50.57,1.89,363.05,0.07
2025-03-08 12:38:05,73.43,2.25,296.8,0.05
2025-03-08 12:38:10,52.82,1.98,329.9,0.01
2025-03-08 12:38:15,55.94,1.8,345.83,0.04
2025-03-08 12:38:20,55.88,2.99,328.33,0.03
2025-03-08 12:38:25,82.46,2.76,342.35,0.07
2025-03-08 12:38:30,87.3,2.25,399.58,0.1
2025-03-08 12:38:35,79.17,2.14,296.23,0.03
2025-03-08 12:38:40,98.11,2.24,361.05,0.08
2025-03-08 12:38:45,68.74,1.4,327.52,0.01
2025-03-08 12:38:50,64.29,1.79,295.96,0.06
2025-03-08 12:38:55,93.43,1.08,299.05,0.02
2025-03-08 12:39:00,61.18,1.95,393.91,0.09
2025-03-08 12:39:05,98.16,2.09,385.55,0.08
2025-03-08 12:39:10,50.61,1.46,388.85,0.07
2025-03-08 12:39:15,98.49,2.93,398.98,0.08
2025-03-08 12:39:20,52.16,2.82,305.0,0.07
2025-03-08 12:39:25,94.56,2.44,322.65,0.1
2025-03-08 12:39:30,76.39,2.07,360.31,0.07
2025-03-08 12:39:35,99.65,2.74,338.06,0.09
2025-03-08 12:39:40,53.69,1.26,330.21,0.06
2025-03-08 12:39:45,77.69,2.58,322.94,0.02
2025-03-08 12:39:50,98.47,1.25,351.25,0.06
2025-03-08 12:39:55,76.15,2.59,349.07,0.02
2025-03-08 12:40:00,81.47,1.55,299.37,0.06
2025-03-08 12:40:05,84.79,2.75,336.61,0.05
2025-03-08 12:40:10,72.73,2.89,346.42,0.07
2025-03-08 12:40:15,81.38,1.3,348.43,0.01
2025-03-08 12:40:20,79.22,1.93,305.21,0.03
2025-03-08 12:40:25,95.06,2.96,369.07,0.05
2025-03-08 12:40:30,52.27,1.97,283.02,0.1
2025-03-08 12:40:35,64.05,2.73,322.58,0.04
2025-03-08 12:40:40,97.52,2.18,373.63,0.05
2025-03-08 12:40:45,94.51,1.75,347.67,0.07
2025-03-08 12:40:50,72.78,1.57,311.34,0.06
2025-03-08 12:40:55,81.01,1.41,363.39,0.04
2025-03-08 12:41:00,63.87,2.52,348.09,0.05
2025-03-08 12:41:05,59.41,1.77,375.55,0.03
2025-03-08 12:41:10,73.18,2.02,368.2,0.1
2025-03-08 12:41:15,67.67,1.98,353.21,0.02
2025-03-08 12:41:20,79.18,2.15,338.58,0.04
2025-03-08 12:41:25,53.89,2.73,295.98,0.01
2025-03-08 12:41:30,98.72,2.96,311.36,0.03
2025-03-08 12:41:35,99.31,1.82,330.29,0.08
2025-03-08 12:41:40,84.91,2.66,351.92,0.03
2025-03-08 12:41:45,76.8,2.53,341.64,0.02
2025-03-08 12:41:50,65.48,2.15,314.58,0.05
2025-03-08 12:41:55,90.69,2.91,280.78,0.01
2025-03-08 12:42:00,84.24,1.4,339.55,0.02
2025-03-08 12:42:05,58.13,1.22,314.28,0.08
2025-03-08 12:42:10,95.55,2.71,368.15,0.08
2025-03-08 12:42:15,91.13,1.88,282.87,0.09
2025-03-08 12:42:20,97.49,2.69,350.18,0.09
2025-03-08 12:42:25,86.29,2.79,392.98,0.07
2025-03-08 12:42:30,80.67,1.12,300.93,0.01
2025-03-08 12:42:35,70.91,2.77,336.6,0.08
2025-03-08 12:42:40,96.64,1.9,290.97,0.09
2025-03-08 12:42:45,93.3,2.02,355.08,0.08
2025-03-08 12:42:50,52.26,2.25,346.06,0.06
2025-03-08 12:42:55,51.32,2.85,328.88,0.03
2025-03-08 12:43:00,68.82,1.04,342.57,0.09
2025-03-08 12:43:05,90.53,1.95,387.59,0.08
2025-03-08 12:43:10,99.36,2.38,303.56,0.1
2025-03-08 12:43:15,57.52,2.45,282.71,0.02
2025-03-08 12:43:20,79.71,2.39,383.4,0.03
2025-03-08 12:43:25,69.04,1.27,349.25,0.03
2025-03-08 12:43:30,98.5,1.6,386.88,0.08
2025-03-08 12:43:35,92.11,1.72,351.63,0.03
2025-03-08 12:43:40,91.92,2.61,377.22,0.02
2025-03-08 12:43:45,73.43,1.56,331.56,0.1
2025-03-08 12:43:50,70.74,1.42,369.98,0.01
2025-03-08 12:43:55,63.67,2.91,389.56,0.09
2025-03-08 12:44:00,52.82,1.02,348.65,0.04
2025-03-08 12:44:05,93.24,3.0,301.69,0.09
2025-03-08 12:44:10,90.65,2.35,312.26,0.06
2025-03-08 12:44:15,99.99,2.66,303.84,0.09
2025-03-08 12:44:20,99.83,1.59,309.62,0.09
2025-03-08 12:44:25,77.77,1.03,316.77,0.01
2025-03-08 12:44:30,88.45,2.48,346.62,0.02
2025-03-08 12:44:35,97.24,2.67,350.56,0.03
2025-03-08 12:44:40,92.48,2.48,331.18,0.07
2025-03-08 12:44:45,62.37,1.29,353.85,0.09
2025-03-08 12:44:50,72.53,2.51,289.79,0.05
2025-03-08 12:44:55,56.46,2.54,290.53,0.06
2025-03-08 12:45:00,97.7,2.32,300.62,0.03
2025-03-08 12:45:05,80.31,2.53,342.17,0.08
2025-03-08 12:45:10,61.43,2.69,305.68,0.1
2025-03-08 12:45:15,83.59,2.23,313.99,0.03
2025-03-08 12:45:20,80.91,1.18,328.04,0.05
2025-03-08 12:45:25,67.91,1.98,377.42,0.02
2025-03-08 12:45:30,55.68,1.16,281.66,0.06
2025-03-08 12:45:35,83.58,1.82,357.93,0.06
2025-03-08 12:45:40,76.02,1.81,360.27,0.02
2025-03-08 12:45:45,88.62,1.13,375.84,0.05
2025-03-08 12:45:50,76.01,1.7,391.93,0.04
2025-03-08 12:45:55,92.61,1.22,282.42,0.06
2025-03-08 12:46:00,77.6,2.62,298.45,0.06
2025-03-08 12:46:05,78.05,2.9,386.34,0.01
2025-03-08 12:46:10,93.83,1.14,335.02,0.08
2025-03-08 12:46:15,70.17,2.91,347.75,0.07
2025-03-08 12:46:20,56.7,2.05,359.56,0.04
2025-03-08 12:46:25,51.44,1.6,361.49,0.01
2025-03-08 12:46:30,87.76,1.15,391.81,0.08
2025-03-08 12:46:35,81.02,2.0,399.63,0.1
2025-03-08 12:46:40,85.2,2.59,366.42,0.03
2025-03-08 12:46:45,60.65,2.41,314.47,0.04
2025-03-08 12:46:50,56.82,1.1,385.57,0.03
2025-03-08 12:46:55,50.73,1.15,285.91,0.06
2025-03-08 12:47:00,67.53,1.81,307.73,0.02
2025-03-08 12:47:05,79.5,1.59,387.69,0.04
2025-03-08 12:47:10,69.61,1.46,310.74,0.07
2025-03-08 12:47:15,71.87,1.56,306.48,0.06
2025-03-08 12:47:20,95.21,2.61,296.58,0.04
2025-03-08 12:47:25,67.41,2.86,383.09,0.05
2025-03-08 12:47:30,75.7,1.81,340.01,0.06
2025-03-08 12:47:35,89.18,2.81,360.99,0.01
2025-03-08 12:47:40,69.83,1.64,308.69,0.02
2025-03-08 12:47:45,81.1,1.95,370.96,0.09
2025-03-08 12:47:50,93.12,1.45,371.2,0.02
2025-03-08 12:47:55,97.48,2.28,317.51,0.07
2025-03-08 12:48:00,57.35,2.96,329.28,0.09
2025-03-08 12:48:05,96.33,2.21,305.16,0.03
2025-03-08 12:48:10,74.61,1.72,397.19,0.04
2025-03-08 12:48:15,62.91,2.3,357.47,0.06
2025-03-08 12:48:20,72.96,1.25,392.15,0.09
2025-03-08 12:48:25,99.0,2.78,316.41,0.09
2025-03-08 12:48:30,74.63,2.01,373.83,0.08
2025-03-08 12:48:35,66.44,1.9,371.9,0.02
2025-03-08 12:48:40,81.67,2.17,363.0,0.07
2025-03-08 12:48:45,62.01,2.25,395.88,0.05
2025-03-08 12:48:50,53.79,1.14,327.23,0.05
2025-03-08 12:48:55,56.44,2.37,295.69,0.01
2025-03-08 12:49:00,56.4,1.48,360.61,0.03
2025-03-08 12:49:05,57.6,2.43,367.52,0.08
2025-03-08 12:49:10,56.94,2.65,349.01,0.05
2025-03-08 12:49:15,82.04,2.61,304.82,0.04
2025-03-08 12:49:20,59.09,2.11,340.53,0.04
2025-03-08 12:49:25,67.28,2.04,317.46,0.09
2025-03-08 12:49:30,94.84,1.29,331.3,0.08
2025-03-08 12:49:35,73.7,2.55,357.43,0.03
2025-03-08 12:49:40,83.38,1.54,369.43,0.02
2025-03-08 12:49:45,58.62,1.99,307.87,0.03
2025-03-08 12:49:50,59.61,1.57,328.64,0.09
2025-03-08 12:49:55,52.04,1.27,312.3,0.06
2025-03-08 12:50:00,58.45,2.26,303.84,0.06
2025-03-08 12:50:05,63.93,1.11,374.01,0.06
2025-03-08 12:50:10,58.85,2.5,389.11,0.04
2025-03-08 12:50:15,54.44,1.64,324.43,0.08
2025-03-08 12:50:20,56.03,1.0,370.15,0.06
2025-03-08 12:50:25,73.04,2.02,387.64,0.02
2025-03-08 12:50:30,60.32,1.09,381.53,0.02
2025-03-08 12:50:35,68.21,1.55,301.94,0.06
2025-03-08 12:50:40,75.17,2.41,394.76,0.09
2025-03-08 12:50:45,84.52,1.13,325.2,0.04
2025-03-08 12:50:50,51.97,2.68,320.71,0.09
2025-03-08 12:50:55,89.97,1.01,287.49,0.08
2025-03-08 12:51:00,81.4,1.49,338.34,0.03
2025-03-08 12:51:05,54.09,2.48,293.08,0.01
2025-03-08 12:51:10,93.68,1.63,309.82,0.02
2025-03-08 12:51:15,96.04,1.2,318.03,0.08
2025-03-08 12:51:20,53.05,1.72,377.06,0.03
2025-03-08 12:51:25,63.84,1.54,385.06,0.04
2025-03-08 12:51:30,90.31,2.69,316.3,0.06
2025-03-08 12:51:35,87.41,1.63,383.04,0.08
2025-03-08 12:51:40,59.23,2.58,382.87,0.02
2025-03-08 12:51:45,60.47,2.78,371.76,0.05
2025-03-08 12:51:50,68.52,1.87,297.6,0.05
2025-03-08 12:51:55,74.23,2.82,362.84,0.06
2025-03-08 12:52:00,80.91,1.75,393.4,0.08
2025-03-08 12:52:05,68.45,2.93,361.9,0.03
2025-03-08 12:52:10,73.13,1.18,319.79,0.08
2025-03-08 12:52:15,87.37,2.37,340.07,0.07
2025-03-08 12:52:20,51.83,1.99,357.49,0.06
2025-03-08 12:52:25,62.62,1.78,341.27,0.07
2025-03-08 12:52:30,85.67,2.27,294.39,0.05
2025-03-08 12:52:35,94.76,2.41,317.45,0.02
2025-03-08 12:52:40,75.58,1.01,376.29,0.07
2025-03-08 12:52:45,76.61,1.33,383.37,0.06
2025-03-08 12:52:50,55.36,2.43,296.48,0.07
2025-03-08 12:52:55,72.37,2.33,394.29,0.04
2025-03-08 12:53:00,76.63,2.93,319.46,0.09
2025-03-08 12:53:05,62.12,2.52,359.48,0.06
2025-03-08 12:53:10,63.46,2.9,370.22,0.02
2025-03-08 12:53:15,68.86,2.41,377.43,0.05
2025-03-08 12:53:20,51.0,1.6,393.49,0.08
2025-03-08 12:53:25,66.1,1.21,317.55,0.08
2025-03-08 12:53:30,60.57,2.56,383.02,0.05
2025-03-08 12:53:35,66.37,2.29,295.8,0.09
2025-03-08 12:53:40,55.99,1.1,364.6,0.03
2025-03-08 12:53:45,94.53,1.72,369.04,0.05
2025-03-08 12:53:50,79.68,2.91,361.33,0.09
2025-03-08 12:53:55,83.96,2.0,310.28,0.09
2025-03-08 12:54:00,89.46,1.87,384.77,0.07
2025-03-08 12:54:05,74.92,1.92,300.26,0.09
2025-03-08 12:54:10,54.35,1.42,286.44,0.02
2025-03-08 12:54:15,76.86,1.74,366.1,0.09
2025-03-08 12:54:20,79.34,1.74,337.06,0.04
2025-03-08 12:54:25,87.27,1.1,381.89,0.03
2025-03-08 12:54:30,71.58,2.54,326.01,0.03
2025-03-08 12:54:35,56.38,1.83,300.19,0.05
2025-03-08 12:54:40,64.19,2.64,380.37,0.03
2025-03-08 12:54:45,68.15,2.7,345.87,0.04
2025-03-08 12:54:50,82.3,1.42,302.7,0.02
2025-03-08 12:54:55,78.54,2.31,366.45,0.04
2025-03-08 12:55:00,67.8,1.94,341.33,0.06
2025-03-08 12:55:05,99.33,2.76,352.52,0.05
2025-03-08 12:55:10,80.29,1.43,335.31,0.04
2025-03-08 12:55:15,61.86,2.36,379.45,0.08
2025-03-08 12:55:20,55.09,2.22,379.55,0.09
2025-03-08 12:55:25,57.64,1.59,365.13,0.08
2025-03-08 12:55:30,62.3,1.27,292.65,0.04
2025-03-08 12:55:35,58.03,2.3,380.66,0.08
2025-03-08 12:55:40,59.33,2.48,360.52,0.02
2025-03-08 12:55:45,64.25,1.63,363.64,0.02
2025-03-08 12:55:50,58.67,2.29,323.56,0.04
2025-03-08 12:55:55,94.84,1.79,385.51,0.08
2025-03-08 12:56:00,54.01,2.43,367.04,0.03
2025-03-08 12:56:05,76.23,1.4,293.51,0.02
2025-03-08 12:56:10,70.52,2.78,328.93,0.02
2025-03-08 12:56:15,99.12,1.57,386.37,0.09
2025-03-08 12:56:20,55.6,1.74,285.66,0.07
2025-03-08 12:56:25,69.89,1.12,395.37,0.03
2025-03-08 12:56:30,98.47,1.22,361.5,0.06
2025-03-08 12:56:35,93.28,2.03,355.77,0.06
2025-03-08 12:56:40,90.85,1.54,312.47,0.07
2025-03-08 12:56:45,62.9,2.67,309.86,0.03
2025-03-08 12:56:50,58.54,1.03,393.05,0.09
2025-03-08 12:56:55,83.43,1.76,315.79,0.04
2025-03-08 12:57:00,96.47,1.67,373.06,0.07
2025-03-08 12:57:05,77.84,1.04,327.17,0.01
2025-03-08 12:57:10,78.58,1.25,296.71,0.04
2025-03-08 12:57:15,64.0,1.83,281.29,0.04
2025-03-08 12:57:20,88.47,1.99,345.31,0.06
2025-03-08 12:57:25,59.35,1.81,397.09,0.02
2025-03-08 12:57:30,66.18,2.06,324.3,0.08
2025-03-08 12:57:35,71.27,2.19,322.86,0.03
2025-03-08 12:57:40,75.38,1.02,321.29,0.07
2025-03-08 12:57:45,62.12,1.93,342.47,0.08
2025-03-08 12:57:50,55.74,2.93,332.88,0.06
2025-03-08 12:57:55,80.53,2.04,385.59,0.08
2025-03-08 12:58:00,64.43,2.36,340.66,0.07
2025-03-08 12:58:05,79.06,1.62,340.93,0.04
2025-03-08 12:58:10,57.72,2.55,296.6,0.08
2025-03-08 12:58:15,74.06,2.55,397.93,0.04
2025-03-08 12:58:20,76.63,2.04,310.0,0.06
2025-03-08 12:58:25,52.59,2.95,288.8,0.08
2025-03-08 12:58:30,66.83,1.25,359.58,0.04
2025-03-08 12:58:35,56.72,1.03,351.44,0.04
2025-03-08 12:58:40,53.17,2.54,329.82,0.05
2025-03-08 12:58:45,99.5,2.61,330.66,0.08
2025-03-08 12:58:50,66.12,1.24,374.21,0.09
2025-03-08 12:58:55,90.49,1.53,303.49,0.06
2025-03-08 12:59:00,62.73,1.04,378.43,0.07
2025-03-08 12:59:05,84.08,1.59,357.85,0.09
2025-03-08 12:59:10,88.01,2.55,330.28,0.02
2025-03-08 12:59:15,79.78,2.04,334.96,0.03
2025-03-08 12:59:20,73.58,1.7,310.8,0.07
2025-03-08 12:59:25,70.59,1.74,370.25,0.08
2025-03-08 12:59:30,67.44,1.0,341.54,0.09
2025-03-08 12:59:35,96.48,1.6,318.5,0.05
2025-03-08 12:59:40,91.53,2.29,351.53,0.02
2025-03-08 12:59:45,98.25,2.95,399.49,0.05
2025-03-08 12:59:50,56.21,2.69,332.23,0.03
2025-03-08 12:59:55,86.54,1.05,390.48,0.04
2025-03-08 13:00:00,96.92,2.8,321.4,0.08
2025-03-08 13:00:05,59.06,2.57,286.57,0.02
2025-03-08 13:00:10,53.32,2.56,304.51,0.08
2025-03-08 13:00:15,87.06,1.92,330.24,0.05
2025-03-08 13:00:20,78.72,1.8,306.36,0.06
2025-03-08 13:00:25,92.09,1.61,280.03,0.02
2025-03-08 13:00:30,56.99,1.13,389.8,0.04
2025-03-08 13:00:35,89.76,1.46,381.27,0.02
2025-03-08 13:00:40,60.08,1.49,369.08,0.1
2025-03-08 13:00:45,58.18,1.97,300.14,0.08
2025-03-08 13:00:50,58.21,2.49,294.44,0.05
2025-03-08 13:00:55,90.73,1.95,288.11,0.03
2025-03-08 13:01:00,83.26,1.12,366.88,0.09
2025-03-08 13:01:05,76.15,2.92,391.46,0.04
2025-03-08 13:01:10,67.94,2.89,331.66,0.02
2025-03-08 13:01:15,93.86,2.57,294.3,0.06
2025-03-08 13:01:20,69.62,2.98,341.49,0.09
2025-03-08 13:01:25,90.83,2.09,321.86,0.01
2025-03-08 13:01:30,71.96,2.93,324.98,0.03
2025-03-08 13:01:35,68.85,1.15,354.56,0.09
2025-03-08 13:01:40,73.13,1.73,366.25,0.03
2025-03-08 13:01:45,65.07,1.45,293.27,0.02
2025-03-08 13:01:50,87.38,1.39,284.27,0.06
2025-03-08 13:01:55,75.14,1.28,399.32,0.09
2025-03-08 13:02:00,61.61,2.24,307.93,0.05
2025-03-08 13:02:05,94.98,2.56,286.46,0.1
2025-03-08 13:02:10,69.19,2.16,302.79,0.07
2025-03-08 13:02:15,77.18,1.29,284.67,0.02
2025-03-08 13:02:20,95.32,2.62,327.02,0.1
2025-03-08 13:02:25,81.21,2.27,376.29,0.05
2025-03-08 13:02:30,55.84,1.78,320.95,0.04
2025-03-08 13:02:35,96.99,2.35,333.3,0.06
2025-03-08 13:02:40,81.39,1.52,361.07,0.04
2025-03-08 13:02:45,66.75,1.69,341.07,0.02
2025-03-08 13:02:50,56.96,2.83,383.37,0.01
2025-03-08 13:02:55,89.7,1.58,383.92,0.05
2025-03-08 13:03:00,81.0,1.94,281.19,0.09
2025-03-08 13:03:05,76.67,2.78,373.37,0.06
2025-03-08 13:03:10,94.69,2.42,335.29,0.1
2025-03-08 13:03:15,89.43,1.12,398.66,0.04
2025-03-08 13:03:20,57.58,1.29,337.99,0.04
2025-03-08 13:03:25,65.59,1.02,398.43,0.02
2025-03-08 13:03:30,62.42,2.26,370.55,0.02
2025-03-08 13:03:35,87.2,1.9,309.83,0.04
2025-03-08 13:03:40,51.68,1.27,344.61,0.08
2025-03-08 13:03:45,78.49,2.92,399.06,0.09
2025-03-08 13:03:50,88.12,2.06,382.9,0.1
2025-03-08 13:03:55,93.84,1.48,291.68,0.03
2025-03-08 13:04:00,67.1,2.0,364.76,0.09
2025-03-08 13:04:05,91.06,2.36,321.47,0.04
2025-03-08 13:04:10,55.53,1.15,280.84,0.02
2025-03-08 13:04:15,92.32,1.55,328.42,0.09
2025-03-08 13:04:20,56.37,2.61,308.17,0.07
2025-03-08 13:04:25,69.86,1.92,378.26,0.02
2025-03-08 13:04:30,89.86,2.09,320.48,0.05
2025-03-08 13:04:35,57.5,1.87,379.3,0.04
2025-03-08 13:04:40,61.46,1.09,280.07,0.08
2025-03-08 13:04:45,86.11,1.33,316.94,0.05
2025-03-08 13:04:50,86.0,1.89,308.94,0.1
2025-03-08 13:04:55,82.06,1.42,308.03,0.01
2025-03-08 13:05:00,84.7,1.1,288.18,0.04
2025-03-08 13:05:05,77.14,2.69,302.45,0.05
2025-03-08 13:05:10,62.59,2.96,346.67,0.06
2025-03-08 13:05:15,67.28,2.59,314.96,0.04
2025-03-08 13:05:20,59.08,2.71,330.09,0.08
2025-03-08 13:05:25,95.42,1.48,325.22,0.09
2025-03-08 13:05:30,79.17,2.92,385.11,0.09
2025-03-08 13:05:35,70.04,1.39,388.64,0.08
2025-03-08 13:05:40,73.1,2.9,339.15,0.09
2025-03-08 13:05:45,97.36,2.99,319.62,0.06
2025-03-08 13:05:50,57.67,2.42,292.82,0.08
2025-03-08 13:05:55,79.31,2.96,394.41,0.04
2025-03-08 13:06:00,75.29,2.14,287.23,0.05
2025-03-08 13:06:05,80.57,1.52,315.72,0.04
2025-03-08 13:06:10,50.91,1.87,315.77,0.05
2025-03-08 13:06:15,93.61,2.19,318.45,0.04
2025-03-08 13:06:20,96.61,1.15,299.71,0.1
2025-03-08 13:06:25,78.26,2.24,373.98,0.04
2025-03-08 13:06:30,84.83,2.96,294.7,0.02
2025-03-08 13:06:35,96.12,1.38,356.19,0.06
2025-03-08 13:06:40,85.36,2.59,294.86,0.02
2025-03-08 13:06:45,57.63,2.82,288.46,0.02
2025-03-08 13:06:50,78.81,2.89,389.13,0.03
2025-03-08 13:06:55,80.34,2.92,302.82,0.05
2025-03-08 13:07:00,71.21,2.04,378.55,0.05
2025-03-08 13:07:05,86.82,2.95,345.36,0.08
2025-03-08 13:07:10,96.72,2.51,289.34,0.08
2025-03-08 13:07:15,96.28,1.32,394.65,0.05
2025-03-08 13:07:20,72.54,1.95,309.64,0.04
2025-03-08 13:07:25,55.66,2.44,383.16,0.04
2025-03-08 13:07:30,99.24,1.49,300.26,0.08
2025-03-08 13:07:35,91.94,2.28,382.47,0.01
2025-03-08 13:07:40,56.23,2.33,281.59,0.01
2025-03-08 13:07:45,96.04,1.33,341.41,0.08
2025-03-08 13:07:50,93.49,2.13,372.33,0.05
2025-03-08 13:07:55,75.94,2.54,392.18,0.02
2025-03-08 13:08:00,79.56,2.0,389.1,0.03
2025-03-08 13:08:05,69.95,1.02,378.35,0.09
2025-03-08 13:08:10,52.74,1.02,386.58,0.09
2025-03-08 13:08:15,66.76,1.71,303.91,0.07
2025-03-08 13:08:20,90.14,2.85,314.1,0.05
2025-03-08 13:08:25,50.23,1.46,314.68,0.06
2025-03-08 13:08:30,66.67,2.27,325.25,0.1
2025-03-08 13:08:35,69.91,1.44,327.2,0.1
2025-03-08 13:08:40,76.87,1.64,345.35,0.03
2025-03-08 13:08:45,95.99,2.7,299.19,0.08
2025-03-08 13:08:50,67.32,2.46,362.95,0.03
2025-03-08 13:08:55,67.35,1.19,300.11,0.03
2025-03-08 13:09:00,86.88,1.86,317.24,0.07
2025-03-08 13:09:05,72.61,1.06,340.4,0.05
2025-03-08 13:09:10,61.23,1.96,375.57,0.09
2025-03-08 13:09:15,72.62,2.32,368.74,0.02
2025-03-08 13:09:20,57.04,1.24,357.46,0.06
2025-03-08 13:09:25,58.82,1.58,298.69,0.09
2025-03-08 13:09:30,74.92,1.8,345.65,0.09
2025-03-08 13:09:35,70.95,2.84,290.49,0.02
2025-03-08 13:09:40,95.74,2.99,325.28,0.04
2025-03-08 13:09:45,68.12,1.09,329.62,0.07
2025-03-08 13:09:50,79.03,2.52,284.78,0.02
2025-03-08 13:09:55,81.61,1.74,312.88,0.1
2025-03-08 13:10:00,50.65,1.78,394.68,0.09
2025-03-08 13:10:05,83.18,2.51,394.44,0.03
2025-03-08 13:10:10,58.9,2.84,322.28,0.02
2025-03-08 13:10:15,98.05,2.9,285.17,0.02
2025-03-08 13:10:20,57.43,2.15,301.49,0.09
2025-03-08 13:10:25,70.73,1.71,327.07,0.03
2025-03-08 13:10:30,54.27,2.58,393.73,0.05
2025-03-08 13:10:35,99.84,1.5,296.94,0.05
2025-03-08 13:10:40,75.11,2.13,371.62,0.06
2025-03-08 13:10:45,79.77,1.72,293.04,0.02
2025-03-08 13:10:50,53.35,2.31,397.75,0.03
2025-03-08 13:10:55,87.5,1.48,325.79,0.09
2025-03-08 13:11:00,60.5,1.38,373.03,0.09
2025-03-08 13:11:05,94.9,2.84,321.11,0.08
2025-03-08 13:11:10,60.26,1.2,355.32,0.01
2025-03-08 13:11:15,59.53,2.01,303.04,0.04
2025-03-08 13:11:20,51.83,1.44,297.52,0.07
2025-03-08 13:11:25,73.6,1.08,392.57,0.03
2025-03-08 13:11:30,78.24,1.07,390.12,0.09
2025-03-08 13:11:35,53.29,1.35,386.5,0.07
2025-03-08 13:11:40,88.78,2.73,355.05,0.02
2025-03-08 13:11:45,72.66,1.56,376.99,0.09
2025-03-08 13:11:50,76.22,2.9,288.28,0.1
2025-03-08 13:11:55,72.04,2.16,320.17,0.02
2025-03-08 13:12:00,70.04,1.87,317.64,0.06
2025-03-08 13:12:05,77.98,2.16,356.28,0.04
2025-03-08 13:12:10,57.76,2.03,322.71,0.05
2025-03-08 13:12:15,59.1,2.52,297.82,0.03
2025-03-08 13:12:20,93.09,1.56,351.58,0.06
2025-03-08 13:12:25,97.31,1.71,377.73,0.1
2025-03-08 13:12:30,68.67,2.79,325.85,0.06
2025-03-08 13:12:35,63.54,2.89,295.87,0.02
2025-03-08 13:12:40,82.2,2.79,303.6,0.07
2025-03-08 13:12:45,70.44,1.84,308.5,0.04
2025-03-08 13:12:50,51.27,2.56,315.99,0.09
2025-03-08 13:12:55,57.81,1.95,357.14,0.05
2025-03-08 13:13:00,85.8,2.0,352.11,0.03
2025-03-08 13:13:05,82.95,1.41,363.53,0.03
2025-03-08 13:13:10,51.35,2.18,323.5,0.08
2025-03-08 13:13:15,61.1,1.37,378.88,0.03
2025-03-08 13:13:20,61.55,1.66,304.49,0.08
2025-03-08 13:13:25,83.59,2.71,336.28,0.03
2025-03-08 13:13:30,50.99,1.41,376.11,0.04
2025-03-08 13:13:35,55.21,1.14,301.62,0.05
2025-03-08 13:13:40,90.0,1.14,293.18,0.09
2025-03-08 13:13:45,58.93,2.88,386.04,0.09
2025-03-08 13:13:50,82.64,2.01,321.15,0.03
2025-03-08 13:13:55,61.91,1.82,362.06,0.04
2025-03-08 13:14:00,54.97,2.62,283.04,0.02
2025-03-08 13:14:05,62.16,2.67,362.81,0.06
2025-03-08 13:14:10,86.11,1.66,317.93,0.05
2025-03-08 13:14:15,92.78,2.39,286.69,0.09
2025-03-08 13:14:20,91.51,2.54,353.18,0.09
2025-03-08 13:14:25,69.86,2.31,308.9,0.04
2025-03-08 13:14:30,83.4,1.3,326.42,0.05
2025-03-08 13:14:35,60.25,2.75,289.67,0.09
2025-03-08 13:14:40,64.66,2.08,297.66,0.08
2025-03-08 13:14:45,94.82,1.56,315.76,0.01
2025-03-08 13:14:50,50.65,1.85,290.77,0.04
2025-03-08 13:14:55,54.28,1.08,389.3,0.05
2025-03-08 13:15:00,60.39,1.26,280.73,0.03
2025-03-08 13:15:05,51.33,2.53,338.06,0.03
2025-03-08 13:15:10,59.07,1.0,294.79,0.01
2025-03-08 13:15:15,79.15,1.83,316.92,0.07
2025-03-08 13:15:20,71.07,2.05,391.13,0.03
2025-03-08 13:15:25,94.63,1.11,299.4,0.01
2025-03-08 13:15:30,90.87,2.95,395.9,0.03
2025-03-08 13:15:35,67.09,1.45,304.7,0.08
2025-03-08 13:15:40,62.97,1.61,368.99,0.09
2025-03-08 13:15:45,68.98,1.61,345.6,0.05
2025-03-08 13:15:50,79.51,1.46,386.14,0.05
2025-03-08 13:15:55,63.4,1.0,346.48,0.1
2025-03-08 13:16:00,81.21,2.46,344.15,0.03
2025-03-08 13:16:05,70.47,2.93,303.45,0.03
2025-03-08 13:16:10,77.6,1.45,299.95,0.04
2025-03-08 13:16:15,71.81,2.33,389.98,0.03
2025-03-08 13:16:20,64.72,2.48,319.34,0.04
2025-03-08 13:16:25,97.42,2.7,324.65,0.09
2025-03-08 13:16:30,88.18,1.85,371.18,0.07
2025-03-08 13:16:35,57.01,1.61,320.66,0.05
2025-03-08 13:16:40,93.42,1.65,394.25,0.09
2025-03-08 13:16:45,74.37,2.43,368.55,0.01
2025-03-08 13:16:50,94.73,2.63,351.69,0.03
2025-03-08 13:16:55,89.99,1.36,385.71,0.06
2025-03-08 13:17:00,71.26,1.74,285.95,0.07
2025-03-08 13:17:05,51.12,2.8,310.85,0.01
2025-03-08 13:17:10,63.43,2.61,335.8,0.05
2025-03-08 13:17:15,77.08,2.97,307.24,0.07
2025-03-08 13:17:20,81.67,2.51,369.27,0.07
2025-03-08 13:17:25,62.89,1.79,390.3,0.07
2025-03-08 13:17:30,56.97,2.18,330.85,0.04
2025-03-08 13:17:35,91.75,2.32,321.06,0.02
2025-03-08 13:17:40,99.22,1.16,395.39,0.05
2025-03-08 13:17:45,76.28,2.09,333.38,0.02
2025-03-08 13:17:50,58.58,2.42,338.69,0.1
2025-03-08 13:17:55,63.62,1.33,322.2,0.05
2025-03-08 13:18:00,50.92,2.56,389.15,0.04
2025-03-08 13:18:05,95.71,2.17,348.27,0.08
2025-03-08 13:18:10,55.89,2.9,371.46,0.05
2025-03-08 13:18:15,78.83,1.08,377.42,0.04
2025-03-08 13:18:20,63.7,1.53,321.02,0.08
2025-03-08 13:18:25,77.71,2.2,332.04,0.09
2025-03-08 13:18:30,82.57,1.59,381.82,0.07
2025-03-08 13:18:35,91.49,2.43,323.59,0.01
2025-03-08 13:18:40,60.32,2.52,375.27,0.06
2025-03-08 13:18:45,50.55,1.21,392.92,0.08
2025-03-08 13:18:50,56.84,2.03,354.79,0.02
2025-03-08 13:18:55,95.0,2.02,369.0,0.03
2025-03-08 13:19:00,93.69,1.74,376.61,0.09
2025-03-08 13:19:05,79.87,2.87,381.4,0.01
2025-03-08 13:19:10,80.03,2.66,327.41,0.08
2025-03-08 13:19:15,83.25,2.39,286.15,0.05
2025-03-08 13:19:20,58.77,2.43,328.23,0.05
2025-03-08 13:19:25,95.72,1.92,360.85,0.01
2025-03-08 13:19:30,70.94,2.84,334.04,0.08
2025-03-08 13:19:35,69.16,2.39,369.88,0.04
2025-03-08 13:19:40,75.95,2.46,322.84,0.06
2025-03-08 13:19:45,52.35,2.72,356.17,0.07
2025-03-08 13:19:50,58.31,1.55,302.37,0.07
2025-03-08 13:19:55,86.9,2.61,369.92,0.1
2025-03-08 13:20:00,54.14,1.39,345.48,0.06
2025-03-08 13:20:05,80.16,1.69,304.49,0.05
2025-03-08 13:20:10,62.27,1.67,315.03,0.1
2025-03-08 13:20:15,69.46,2.96,369.83,0.07
2025-03-08 13:20:20,64.43,2.71,337.91,0.04
2025-03-08 13:20:25,67.78,2.4,305.92,0.02
2025-03-08 13:20:30,85.95,2.45,396.07,0.09
2025-03-08 13:20:35,64.86,2.12,365.82,0.04
2025-03-08 13:20:40,78.32,2.89,394.86,0.07
2025-03-08 13:20:45,73.8,1.99,331.25,0.05
2025-03-08 13:20:50,83.18,1.76,337.01,0.03
2025-03-08 13:20:55,96.84,1.33,387.75,0.06
2025-03-08 13:21:00,86.63,2.57,343.01,0.02
2025-03-08 13:21:05,60.75,2.47,364.87,0.05
2025-03-08 13:21:10,51.56,1.77,310.26,0.06
2025-03-08 13:21:15,63.11,1.05,333.61,0.05
2025-03-08 13:21:20,79.75,2.68,294.81,0.08
2025-03-08 13:21:25,52.57,1.02,304.72,0.08
2025-03-08 13:21:30,74.82,2.41,280.11,0.08
2025-03-08 13:21:35,79.84,2.94,284.71,0.01
2025-03-08 13:21:40,66.71,1.88,397.27,0.03
2025-03-08 13:21:45,88.55,1.47,309.08,0.06
2025-03-08 13:21:50,55.33,2.41,359.6,0.09
2025-03-08 13:21:55,53.76,2.63,380.69,0.09
2025-03-08 13:22:00,86.41,2.09,346.08,0.09
2025-03-08 13:22:05,74.77,2.93,298.38,0.04
2025-03-08 13:22:10,84.42,1.1,367.37,0.05
2025-03-08 13:22:15,71.74,2.01,352.03,0.05
2025-03-08 13:22:20,62.32,2.44,367.75,0.02
2025-03-08 13:22:25,90.96,2.73,372.37,0.01
2025-03-08 13:22:30,89.97,1.36,397.05,0.1
2025-03-08 13:22:35,84.73,2.6,348.83,0.03
2025-03-08 13:22:40,63.61,2.11,321.0,0.03
2025-03-08 13:22:45,79.51,1.79,357.82,0.02
2025-03-08 13:22:50,68.05,1.26,288.21,0.09
2025-03-08 13:22:55,54.58,2.73,387.69,0.06
2025-03-08 13:23:00,95.87,1.31,294.33,0.07
2025-03-08 13:23:05,56.84,1.62,319.34,0.09
2025-03-08 13:23:10,97.51,1.58,377.89,0.04
2025-03-08 13:23:15,72.3,2.74,351.68,0.07
2025-03-08 13:23:20,59.26,2.35,327.24,0.01
2025-03-08 13:23:25,77.1,2.59,336.81,0.03
2025-03-08 13:23:30,93.65,1.5,382.55,0.08
2025-03-08 13:23:35,86.61,2.25,320.8,0.08
2025-03-08 13:23:40,90.33,2.14,384.36,0.04
2025-03-08 13:23:45,82.94,2.67,290.58,0.04
2025-03-08 13:23:50,84.61,2.81,373.22,0.06
2025-03-08 13:23:55,92.46,1.02,381.71,0.01
2025-03-08 13:24:00,62.48,2.35,301.82,0.03
2025-03-08 13:24:05,74.47,1.1,331.64,0.03
2025-03-08 13:24:10,61.06,2.1,299.86,0.03
2025-03-08 13:24:15,99.38,1.58,364.79,0.08
2025-03-08 13:24:20,97.2,1.61,344.24,0.04
2025-03-08 13:24:25,51.97,1.71,356.24,0.03
2025-03-08 13:24:30,85.28,2.24,303.58,0.06
2025-03-08 13:24:35,96.26,1.67,305.41,0.09
2025-03-08 13:24:40,59.03,2.47,284.98,0.03
2025-03-08 13:24:45,78.4,1.81,318.65,0.02
2025-03-08 13:24:50,95.77,1.14,347.17,0.04
2025-03-08 13:24:55,51.7,2.57,382.95,0.08
2025-03-08 13:25:00,84.87,1.57,360.03,0.06
2025-03-08 13:25:05,64.87,1.87,332.25,0.08
2025-03-08 13:25:10,96.22,2.37,394.37,0.1
2025-03-08 13:25:15,98.55,1.66,366.31,0.08
2025-03-08 13:25:20,97.21,1.11,391.62,0.06
2025-03-08 13:25:25,73.71,1.75,343.31,0.05
2025-03-08 13:25:30,93.1,2.89,311.07,0.01
2025-03-08 13:25:35,92.23,2.28,286.34,0.1
2025-03-08 13:25:40,65.96,2.34,367.13,0.04
2025-03-08 13:25:45,91.45,2.26,294.56,0.02
2025-03-08 13:25:50,51.85,1.4,316.33,0.07
2025-03-08 13:25:55,79.81,1.84,343.9,0.04
2025-03-08 13:26:00,61.5,2.5,347.73,0.06
2025-03-08 13:26:05,56.03,1.2,352.07,0.06
2025-03-08 13:26:10,53.85,1.56,299.95,0.05
2025-03-08 13:26:15,84.81,1.55,325.57,0.09
2025-03-08 13:26:20,66.99,1.86,354.06,0.03
2025-03-08 13:26:25,86.24,2.96,396.38,0.05
2025-03-08 13:26:30,53.27,1.14,367.32,0.06
2025-03-08 13:26:35,65.76,2.04,390.71,0.07
2025-03-08 13:26:40,76.97,1.36,371.47,0.08
2025-03-08 13:26:45,89.54,2.94,351.01,0.05
2025-03-08 13:26:50,65.94,1.23,303.04,0.07
2025-03-08 13:26:55,81.29,1.81,360.0,0.02
2025-03-08 13:27:00,94.3,2.48,354.81,0.09
2025-03-08 13:27:05,80.79,2.41,352.3,0.04
2025-03-08 13:27:10,61.65,1.85,338.77,0.08
2025-03-08 13:27:15,51.22,1.69,343.44,0.01
2025-03-08 13:27:20,93.5,1.8,320.13,0.03
2025-03-08 13:27:25,51.06,1.53,342.32,0.05
2025-03-08 13:27:30,93.74,1.41,303.71,0.09
2025-03-08 13:27:35,76.45,1.97,376.62,0.06
2025-03-08 13:27:40,96.95,1.54,302.29,0.09
2025-03-08 13:27:45,89.94,1.57,290.2,0.05
2025-03-08 13:27:50,99.9,2.31,332.35,0.05
2025-03-08 13:27:55,67.54,2.94,359.0,0.02
2025-03-08 13:28:00,88.36,2.21,332.53,0.08
2025-03-08 13:28:05,70.1,1.15,313.21,0.03
2025-03-08 13:28:10,73.99,1.15,346.98,0.09
2025-03-08 13:28:15,81.38,2.9,321.64,0.09
2025-03-08 13:28:20,93.68,1.59,391.94,0.09
2025-03-08 13:28:25,99.2,1.18,390.72,0.06
2025-03-08 13:28:30,88.41,2.2,340.28,0.07
2025-03-08 13:28:35,70.89,2.25,319.35,0.08
2025-03-08 13:28:40,71.07,2.3,368.46,0.02
2025-03-08 13:28:45,86.88,1.53,284.41,0.06
2025-03-08 13:28:50,61.94,1.03,336.97,0.01
2025-03-08 13:28:55,55.52,2.93,320.36,0.05
2025-03-08 13:29:00,67.73,1.5,390.46,0.02
2025-03-08 13:29:05,64.36,2.35,281.44,0.03
2025-03-08 13:29:10,64.82,2.41,346.34,0.04
2025-03-08 13:29:15,61.68,2.22,368.88,0.05
2025-03-08 13:29:20,52.1,1.63,338.2,0.07
2025-03-08 13:29:25,50.89,1.54,290.25,0.02
2025-03-08 13:29:30,99.39,2.2,396.7,0.06
2025-03-08 13:29:35,71.39,2.73,342.16,0.03
2025-03-08 13:29:40,69.22,2.89,353.7,0.06
2025-03-08 13:29:45,83.98,1.21,308.39,0.07
2025-03-08 13:29:50,60.91,1.31,338.02,0.06
2025-03-08 13:29:55,97.5,2.89,331.5,0.08
2025-03-08 13:30:00,89.32,2.47,288.99,0.04
2025-03-08 13:30:05,54.47,2.77,292.74,0.08
2025-03-08 13:30:10,70.88,1.41,380.5,0.05
2025-03-08 13:30:15,93.96,2.18,308.78,0.05
2025-03-08 13:30:20,97.24,2.4,303.39,0.07
2025-03-08 13:30:25,73.37,2.36,340.59,0.01
2025-03-08 13:30:30,80.67,1.82,372.25,0.07
2025-03-08 13:30:35,58.35,1.03,287.43,0.07
2025-03-08 13:30:40,99.56,2.17,349.22,0.04
2025-03-08 13:30:45,61.58,1.51,294.31,0.02
2025-03-08 13:30:50,97.14,1.9,284.38,0.02
2025-03-08 13:30:55,82.48,2.92,286.33,0.09
2025-03-08 13:31:00,80.39,1.8,380.1,0.07
2025-03-08 13:31:05,75.63,2.68,294.16,0.02
2025-03-08 13:31:10,61.53,1.38,285.42,0.04
2025-03-08 13:31:15,58.83,2.34,332.55,0.06
2025-03-08 13:31:20,61.02,2.95,381.28,0.09
2025-03-08 13:31:25,59.32,1.2,311.49,0.01
2025-03-08 13:31:30,88.98,1.02,330.61,0.03
2025-03-08 13:31:35,67.51,1.87,284.79,0.09
2025-03-08 13:31:40,52.89,1.19,333.89,0.01
2025-03-08 13:31:45,98.46,2.5,349.31,0.03
2025-03-08 13:31:50,94.19,2.83,348.51,0.1
2025-03-08 13:31:55,96.39,1.87,319.89,0.07
2025-03-08 13:32:00,99.75,1.52,317.86,0.03
2025-03-08 13:32:05,58.69,1.87,292.79,0.02
2025-03-08 13:32:10,69.81,2.45,324.02,0.01
2025-03-08 13:32:15,87.91,1.02,291.94,0.03
2025-03-08 13:32:20,84.8,2.18,371.99,0.09
2025-03-08 13:32:25,57.69,2.23,395.95,0.05
2025-03-08 13:32:30,90.79,2.28,396.41,0.07
2025-03-08 13:32:35,61.22,1.48,383.81,0.09
2025-03-08 13:32:40,61.19,2.43,352.1,0.05
2025-03-08 13:32:45,76.85,1.18,364.1,0.03
2025-03-08 13:32:50,79.65,1.4,314.22,0.06
2025-03-08 13:32:55,79.0,2.75,355.69,0.09
2025-03-08 13:33:00,54.57,2.48,334.68,0.08
2025-03-08 13:33:05,93.87,1.03,337.84,0.02
2025-03-08 13:33:10,63.28,1.5,370.93,0.07
2025-03-08 13:33:15,56.48,1.43,313.83,0.06
2025-03-08 13:33:20,94.44,1.54,318.16,0.09
2025-03-08 13:33:25,97.78,1.5,390.96,0.02
2025-03-08 13:33:30,93.11,1.13,286.75,0.06
2025-03-08 13:33:35,90.48,1.92,338.28,0.09
2025-03-08 13:33:40,82.76,2.47,389.54,0.05
2025-03-08 13:33:45,77.54,2.21,353.24,0.05
2025-03-08 13:33:50,54.35,2.35,345.57,0.02
2025-03-08 13:33:55,70.42,1.16,309.97,0.04
2025-03-08 13:34:00,68.63,2.9,321.19,0.04
2025-03-08 13:34:05,62.99,2.68,382.25,0.1
2025-03-08 13:34:10,86.17,2.61,347.11,0.04
2025-03-08 13:34:15,74.79,2.65,341.77,0.05
2025-03-08 13:34:20,54.05,2.87,291.95,0.07
2025-03-08 13:34:25,61.01,2.09,281.92,0.02
2025-03-08 13:34:30,84.16,1.4,395.64,0.05
2025-03-08 13:34:35,53.81,2.23,325.24,0.08
2025-03-08 13:34:40,92.56,2.49,352.39,0.09
2025-03-08 13:34:45,74.76,2.48,289.57,0.07
2025-03-08 13:34:50,74.03,2.04,361.97,0.07
2025-03-08 13:34:55,79.62,1.14,391.91,0.02
2025-03-08 13:35:00,91.23,1.74,349.08,0.1
2025-03-08 13:35:05,67.39,2.84,295.13,0.02
2025-03-08 13:35:10,83.9,2.17,349.81,0.08
2025-03-08 13:35:15,78.29,2.08,371.96,0.03
2025-03-08 13:35:20,63.35,1.54,328.77,0.09
2025-03-08 13:35:25,93.93,1.74,385.58,0.07
2025-03-08 13:35:30,89.87,2.79,357.84,0.08
2025-03-08 13:35:35,82.92,2.33,387.91,0.03
2025-03-08 13:35:40,92.53,2.57,354.82,0.05
2025-03-08 13:35:45,93.36,1.91,295.75,0.07
2025-03-08 13:35:50,85.42,2.26,317.16,0.08
2025-03-08 13:35:55,91.85,1.5,304.22,0.02
2025-03-08 13:36:00,84.87,2.41,389.06,0.1
2025-03-08 13:36:05,84.01,1.86,371.25,0.09
2025-03-08 13:36:10,80.93,1.89,361.17,0.03
2025-03-08 13:36:15,87.64,2.3,316.12,0.08
2025-03-08 13:36:20,57.93,2.87,302.09,0.06
2025-03-08 13:36:25,94.04,1.13,370.77,0.05
2025-03-08 13:36:30,93.59,2.65,336.9,0.04
2025-03-08 13:36:35,51.46,1.58,307.09,0.06
2025-03-08 13:36:40,91.29,1.89,353.99,0.08
2025-03-08 13:36:45,56.44,1.04,284.84,0.05
2025-03-08 13:36:50,66.76,1.6,319.14,0.07
2025-03-08 13:36:55,87.18,2.01,336.23,0.07
2025-03-08 13:37:00,58.04,1.11,297.76,0.07
2025-03-08 13:37:05,90.9,1.98,398.16,0.01
2025-03-08 13:37:10,91.61,2.85,305.09,0.09
2025-03-08 13:37:15,75.37,1.21,295.64,0.05
2025-03-08 13:37:20,50.32,2.53,304.42,0.03
2025-03-08 13:37:25,64.35,1.82,372.29,0.03
2025-03-08 13:37:30,80.85,2.31,331.06,0.05
2025-03-08 13:37:35,99.06,1.52,347.85,0.09
2025-03-08 13:37:40,81.59,1.32,282.52,0.04
2025-03-08 13:37:45,62.99,1.32,284.13,0.08
2025-03-08 13:37:50,81.7,1.14,333.5,0.02
2025-03-08 13:37:55,77.0,1.37,378.0,0.05
2025-03-08 13:38:00,88.99,2.33,386.23,0.1
2025-03-08 13:38:05,55.35,2.76,290.4,0.08
2025-03-08 13:38:10,88.05,2.63,344.6,0.03
2025-03-08 13:38:15,77.06,2.37,389.59,0.06
2025-03-08 13:38:20,98.15,1.22,326.56,0.03
2025-03-08 13:38:25,67.09,1.58,379.55,0.05
2025-03-08 13:38:30,81.63,1.62,296.04,0.08
2025-03-08 13:38:35,96.6,1.5,392.25,0.08
2025-03-08 13:38:40,55.13,2.03,370.17,0.03
2025-03-08 13:38:45,96.86,2.07,392.96,0.09
2025-03-08 13:38:50,84.39,1.71,361.19,0.06
2025-03-08 13:38:55,53.39,1.71,323.61,0.04
2025-03-08 13:39:00,65.05,2.66,392.58,0.06
2025-03-08 13:39:05,85.41,2.58,313.07,0.06
2025-03-08 13:39:10,53.37,1.62,319.86,0.06
2025-03-08 13:39:15,79.11,2.83,364.1,0.05
2025-03-08 13:39:20,67.29,2.91,371.84,0.06
2025-03-08 13:39:25,81.05,1.65,391.53,0.03
2025-03-08 13:39:30,52.29,1.71,304.58,0.08
2025-03-08 13:39:35,93.58,2.01,375.76,0.06
2025-03-08 13:39:40,98.67,2.88,368.63,0.02
2025-03-08 13:39:45,98.44,2.75,287.66,0.08
2025-03-08 13:39:50,87.48,1.21,326.47,0.09
2025-03-08 13:39:55,56.5,1.79,313.93,0.1
2025-03-08 13:40:00,87.91,2.11,316.54,0.04
2025-03-08 13:40:05,51.23,2.01,397.95,0.02
2025-03-08 13:40:10,51.11,1.39,357.13,0.06
2025-03-08 13:40:15,66.18,2.72,366.12,0.02
2025-03-08 13:40:20,74.43,2.35,397.19,0.09
2025-03-08 13:40:25,88.52,2.68,325.26,0.03
2025-03-08 13:40:30,84.16,2.72,376.22,0.03
2025-03-08 13:40:35,72.3,2.5,332.14,0.05
2025-03-08 13:40:40,63.68,1.88,384.34,0.04
2025-03-08 13:40:45,99.86,2.22,301.68,0.08
2025-03-08 13:40:50,71.31,1.32,393.72,0.05
2025-03-08 13:40:55,72.57,2.35,306.25,0.03
2025-03-08 13:41:00,58.18,1.36,319.15,0.03
2025-03-08 13:41:05,89.74,2.39,370.74,0.06
2025-03-08 13:41:10,84.68,1.46,327.25,0.02
2025-03-08 13:41:15,61.04,1.24,352.99,0.07
2025-03-08 13:41:20,54.12,1.33,333.35,0.06
2025-03-08 13:41:25,84.02,1.0,369.08,0.07
2025-03-08 13:41:30,82.73,2.44,307.4,0.09
2025-03-08 13:41:35,63.66,2.46,287.01,0.09
2025-03-08 13:41:40,97.54,2.03,315.99,0.1
2025-03-08 13:41:45,57.55,1.32,336.92,0.03
2025-03-08 13:41:50,71.62,1.17,300.16,0.02
2025-03-08 13:41:55,97.18,1.04,322.58,0.04
2025-03-08 13:42:00,70.99,1.33,328.0,0.09
2025-03-08 13:42:05,81.93,2.78,286.89,0.1
2025-03-08 13:42:10,69.88,1.48,350.0,0.09
2025-03-08 13:42:15,63.71,1.71,386.12,0.02
2025-03-08 13:42:20,99.2,1.21,298.21,0.1
2025-03-08 13:42:25,70.47,1.44,351.74,0.05
2025-03-08 13:42:30,94.7,2.04,359.77,0.01
2025-03-08 13:42:35,61.5,2.22,330.32,0.05
2025-03-08 13:42:40,60.66,1.49,364.13,0.01
2025-03-08 13:42:45,51.56,1.12,329.29,0.06
2025-03-08 13:42:50,82.58,1.78,340.56,0.04
2025-03-08 13:42:55,68.43,1.47,280.88,0.05
2025-03-08 13:43:00,93.22,1.44,363.01,0.07
2025-03-08 13:43:05,73.66,2.92,359.36,0.09
2025-03-08 13:43:10,98.41,2.23,284.61,0.07
2025-03-08 13:43:15,59.28,2.11,324.19,0.05
2025-03-08 13:43:20,93.43,1.83,397.48,0.08
2025-03-08 13:43:25,88.83,1.86,330.49,0.09
2025-03-08 13:43:30,88.55,2.08,340.23,0.02
2025-03-08 13:43:35,92.24,2.39,389.19,0.06
2025-03-08 13:43:40,88.05,2.4,366.07,0.04
2025-03-08 13:43:45,81.31,1.34,349.85,0.01
2025-03-08 13:43:50,56.56,2.0,375.74,0.07
2025-03-08 13:43:55,51.63,1.82,383.72,0.09
2025-03-08 13:44:00,96.04,2.74,334.83,0.02
2025-03-08 13:44:05,80.83,2.26,337.01,0.08
2025-03-08 13:44:10,89.83,2.07,326.33,0.09
2025-03-08 13:44:15,74.08,1.23,396.0,0.09
2025-03-08 13:44:20,55.87,2.21,363.66,0.03
2025-03-08 13:44:25,56.26,1.23,289.99,0.09
2025-03-08 13:44:30,84.28,1.67,383.56,0.04
2025-03-08 13:44:35,71.52,1.29,337.67,0.06
2025-03-08 13:44:40,60.03,2.38,288.25,0.01
2025-03-08 13:44:45,74.58,1.41,345.97,0.01
2025-03-08 13:44:50,53.21,1.78,330.06,0.07
2025-03-08 13:44:55,79.1,2.79,385.33,0.05
2025-03-08 13:45:00,63.45,1.41,304.48,0.03
2025-03-08 13:45:05,89.88,2.02,379.18,0.03
2025-03-08 13:45:10,65.52,1.84,346.92,0.07
2025-03-08 13:45:15,72.76,1.04,286.55,0.01
2025-03-08 13:45:20,50.58,2.59,396.62,0.08
2025-03-08 13:45:25,53.62,1.14,341.51,0.02
2025-03-08 13:45:30,69.62,1.95,314.91,0.03
2025-03-08 13:45:35,74.0,2.12,336.33,0.04
2025-03-08 13:45:40,80.0,2.26,382.94,0.05
2025-03-08 13:45:45,64.58,2.38,316.59,0.04
2025-03-08 13:45:50,84.75,1.51,303.12,0.04
2025-03-08 13:45:55,93.01,1.02,295.49,0.1
2025-03-08 13:46:00,88.99,2.45,315.74,0.07
2025-03-08 13:46:05,51.98,2.07,373.61,0.01
2025-03-08 13:46:10,74.03,2.67,336.6,0.05
2025-03-08 13:46:15,55.25,2.64,307.3,0.09
2025-03-08 13:46:20,62.1,2.69,299.94,0.04
2025-03-08 13:46:25,99.33,1.97,319.93,0.02
2025-03-08 13:46:30,57.12,1.67,392.79,0.08
2025-03-08 13:46:35,74.94,2.58,321.16,0.06
2025-03-08 13:46:40,80.91,1.9,398.57,0.06
2025-03-08 13:46:45,85.12,1.37,338.23,0.01
2025-03-08 13:46:50,77.98,2.71,301.5,0.02
2025-03-08 13:46:55,50.49,2.77,386.94,0.07
2025-03-08 13:47:00,66.32,1.93,335.24,0.03
2025-03-08 13:47:05,75.89,1.15,365.16,0.06
2025-03-08 13:47:10,54.39,1.78,398.05,0.06
2025-03-08 13:47:15,67.53,2.61,286.02,0.04
2025-03-08 13:47:20,51.66,2.8,291.6,0.1
2025-03-08 13:47:25,53.93,1.41,366.45,0.09
2025-03-08 13:47:30,69.85,1.13,313.82,0.08
2025-03-08 13:47:35,56.64,2.75,302.12,0.02
2025-03-08 13:47:40,78.38,1.78,284.72,0.02
2025-03-08 13:47:45,84.47,2.08,282.62,0.05
2025-03-08 13:47:50,90.03,2.94,372.94,0.02
2025-03-08 13:47:55,60.01,1.13,296.13,0.1
2025-03-08 13:48:00,58.37,2.3,336.13,0.02
2025-03-08 13:48:05,55.23,1.15,352.71,0.05
2025-03-08 13:48:10,81.82,1.75,331.4,0.04
2025-03-08 13:48:15,85.32,2.61,283.25,0.07
2025-03-08 13:48:20,51.58,1.87,374.02,0.02
2025-03-08 13:48:25,96.81,2.99,281.26,0.05
2025-03-08 13:48:30,52.6,2.12,371.43,0.03
2025-03-08 13:48:35,77.06,1.64,387.2,0.09
2025-03-08 13:48:40,85.45,1.44,331.94,0.01
2025-03-08 13:48:45,93.55,1.7,344.27,0.09
2025-03-08 13:48:50,85.7,1.75,337.24,0.08
2025-03-08 13:48:55,90.09,1.14,326.71,0.04
2025-03-08 13:49:00,66.97,1.74,386.49,0.08
2025-03-08 13:49:05,90.74,1.93,387.27,0.01
2025-03-08 13:49:10,54.01,2.45,320.3,0.1
2025-03-08 13:49:15,94.74,2.31,353.81,0.06
2025-03-08 13:49:20,77.38,2.42,391.23,0.04
2025-03-08 13:49:25,90.86,1.02,395.45,0.04
2025-03-08 13:49:30,72.62,1.44,341.08,0.02
2025-03-08 13:49:35,82.18,2.32,334.34,0.1
2025-03-08 13:49:40,76.32,1.97,313.44,0.01
2025-03-08 13:49:45,86.58,1.01,395.06,0.07
2025-03-08 13:49:50,54.08,2.61,297.14,0.05
2025-03-08 13:49:55,53.02,2.55,349.58,0.1
2025-03-08 13:50:00,62.36,2.1,313.91,0.03
2025-03-08 13:50:05,57.98,1.13,313.48,0.06
2025-03-08 13:50:10,93.59,2.53,328.6,0.05
2025-03-08 13:50:15,60.96,2.17,399.86,0.07
2025-03-08 13:50:20,98.79,2.56,286.6,0.02
2025-03-08 13:50:25,66.84,2.5,349.43,0.03
2025-03-08 13:50:30,59.11,2.61,289.91,0.03
2025-03-08 13:50:35,89.48,2.04,298.54,0.08
2025-03-08 13:50:40,82.94,1.28,332.75,0.03
2025-03-08 13:50:45,74.91,2.34,341.26,0.06
2025-03-08 13:50:50,77.77,2.24,311.06,0.03
2025-03-08 13:50:55,85.96,2.48,317.97,0.09
2025-03-08 13:51:00,61.42,1.34,290.44,0.09
2025-03-08 13:51:05,99.82,1.39,316.39,0.06
2025-03-08 13:51:10,98.74,2.78,395.99,0.04
2025-03-08 13:51:15,82.52,2.5,393.36,0.03
2025-03-08 13:51:20,59.98,2.82,320.19,0.01
2025-03-08 13:51:25,84.01,2.52,348.5,0.03
2025-03-08 13:51:30,53.61,2.19,389.15,0.07
2025-03-08 13:51:35,51.53,2.31,280.74,0.06
2025-03-08 13:51:40,62.88,2.78,377.28,0.09
2025-03-08 13:51:45,73.13,2.16,393.8,0.05
2025-03-08 13:51:50,93.41,2.26,290.96,0.07
2025-03-08 13:51:55,86.36,1.31,299.37,0.05
2025-03-08 13:52:00,87.14,1.95,395.29,0.06
2025-03-08 13:52:05,71.27,2.43,344.5,0.03
2025-03-08 13:52:10,67.3,1.54,281.7,0.05
2025-03-08 13:52:15,68.55,1.4,310.92,0.05
2025-03-08 13:52:20,99.38,1.63,333.99,0.07
2025-03-08 13:52:25,52.01,1.48,363.15,0.09
2025-03-08 13:52:30,93.35,1.43,367.98,0.04
2025-03-08 13:52:35,78.93,1.85,399.45,0.01
2025-03-08 13:52:40,71.93,2.82,314.5,0.05
2025-03-08 13:52:45,86.26,2.01,344.59,0.06
2025-03-08 13:52:50,74.33,1.38,344.0,0.03
2025-03-08 13:52:55,93.67,1.15,328.68,0.08
2025-03-08 13:53:00,95.04,2.39,300.3,0.1
2025-03-08 13:53:05,71.09,1.77,397.29,0.1
2025-03-08 13:53:10,63.84,2.64,382.4,0.03
2025-03-08 13:53:15,79.62,2.32,339.8,0.09
2025-03-08 13:53:20,95.62,2.59,352.39,0.07
2025-03-08 13:53:25,60.53,1.54,307.27,0.05
2025-03-08 13:53:30,81.15,2.38,345.25,0.06
2025-03-08 13:53:35,81.58,1.53,363.4,0.09
2025-03-08 13:53:40,86.66,2.88,341.82,0.05
2025-03-08 13:53:45,56.58,2.27,398.83,0.04
2025-03-08 13:53:50,85.79,1.65,353.36,0.05
2025-03-08 13:53:55,95.45,1.54,324.52,0.06
2025-03-08 13:54:00,58.98,1.38,372.66,0.03
2025-03-08 13:54:05,61.88,2.39,300.46,0.09
2025-03-08 13:54:10,98.57,1.44,326.14,0.07
2025-03-08 13:54:15,59.05,2.19,321.64,0.07
2025-03-08 13:54:20,92.72,1.53,331.82,0.02
2025-03-08 13:54:25,74.61,2.32,373.81,0.06
2025-03-08 13:54:30,62.36,2.63,338.1,0.02
2025-03-08 13:54:35,93.54,2.56,375.28,0.02
2025-03-08 13:54:40,72.27,2.52,349.18,0.06
2025-03-08 13:54:45,75.74,1.38,321.05,0.05
2025-03-08 13:54:50,67.96,1.18,377.2,0.06
2025-03-08 13:54:55,79.65,2.4,308.59,0.02
2025-03-08 13:55:00,58.18,1.74,306.93,0.05
2025-03-08 13:55:05,69.55,1.86,340.54,0.03
2025-03-08 13:55:10,98.47,1.06,311.3,0.1
2025-03-08 13:55:15,62.91,1.52,281.09,0.06
2025-03-08 13:55:20,82.84,1.07,357.8,0.07
2025-03-08 13:55:25,66.26,2.76,341.33,0.04
2025-03-08 13:55:30,88.67,1.49,333.46,0.02
2025-03-08 13:55:35,56.54,2.11,396.04,0.1
2025-03-08 13:55:40,98.49,1.08,348.54,0.04
2025-03-08 13:55:45,72.69,2.33,383.61,0.05
2025-03-08 13:55:50,61.8,1.65,296.73,0.07
2025-03-08 13:55:55,53.67,2.8,348.3,0.01
2025-03-08 13:56:00,58.49,2.78,384.16,0.08
2025-03-08 13:56:05,75.99,1.65,349.97,0.06
2025-03-08 13:56:10,66.85,2.8,366.16,0.04
2025-03-08 13:56:15,91.44,2.99,324.65,0.02
2025-03-08 13:56:20,71.54,2.65,291.09,0.02
2025-03-08 13:56:25,62.44,2.69,334.95,0.09
2025-03-08 13:56:30,80.86,1.5,327.34,0.07
2025-03-08 13:56:35,85.34,2.15,384.05,0.03
2025-03-08 13:56:40,58.35,1.13,309.28,0.02
2025-03-08 13:56:45,58.38,1.19,396.01,0.07
2025-03-08 13:56:50,51.83,3.0,394.98,0.06
2025-03-08 13:56:55,86.82,1.65,309.72,0.05
2025-03-08 13:57:00,83.19,2.5,321.77,0.04
2025-03-08 13:57:05,73.73,2.61,387.47,0.03
2025-03-08 13:57:10,92.21,2.72,395.99,0.07
2025-03-08 13:57:15,90.28,3.0,333.21,0.1
2025-03-08 13:57:20,79.27,1.48,318.52,0.03
2025-03-08 13:57:25,93.41,1.08,343.13,0.06
2025-03-08 13:57:30,60.29,1.82,362.53,0.05
2025-03-08 13:57:35,55.6,1.26,312.82,0.05
2025-03-08 13:57:40,63.49,1.04,368.38,0.03
2025-03-08 13:57:45,52.85,1.72,286.2,0.08
2025-03-08 13:57:50,76.56,2.57,285.92,0.05
2025-03-08 13:57:55,96.83,2.13,326.35,0.06
2025-03-08 13:58:00,51.97,1.63,322.42,0.04
2025-03-08 13:58:05,56.11,2.31,317.88,0.03
2025-03-08 13:58:10,72.61,1.46,338.92,0.02
2025-03-08 13:58:15,96.69,1.03,318.49,0.07
2025-03-08 13:58:20,65.81,2.53,303.07,0.03
2025-03-08 13:58:25,75.36,2.25,317.14,0.07
2025-03-08 13:58:30,52.08,2.52,396.99,0.05
2025-03-08 13:58:35,57.42,1.08,329.33,0.05
2025-03-08 13:58:40,99.33,2.67,333.37,0.05
2025-03-08 13:58:45,98.26,2.24,349.19,0.04
2025-03-08 13:58:50,50.25,2.13,398.0,0.02
2025-03-08 13:58:55,97.59,2.25,308.99,0.04
2025-03-08 13:59:00,81.96,2.73,361.75,0.07
2025-03-08 13:59:05,93.4,2.17,365.92,0.07
2025-03-08 13:59:10,72.74,2.16,352.88,0.04
2025-03-08 13:59:15,75.78,2.98,290.63,0.05
2025-03-08 13:59:20,74.44,2.51,361.22,0.03
2025-03-08 13:59:25,83.34,1.88,287.69,0.03
2025-03-08 13:59:30,56.98,2.41,351.54,0.01
2025-03-08 13:59:35,51.5,1.78,368.75,0.09
2025-03-08 13:59:40,65.4,1.46,305.32,0.03
2025-03-08 13:59:45,85.23,2.19,380.99,0.03
2025-03-08 13:59:50,60.09,2.86,283.64,0.04
2025-03-08 13:59:55,83.67,2.86,381.26,0.02
2025-03-08 14:00:00,98.5,1.68,335.24,0.07
2025-03-08 14:00:05,54.7,2.06,306.11,0.02
2025-03-08 14:00:10,83.63,1.42,296.05,0.02
2025-03-08 14:00:15,72.19,2.99,394.4,0.07
2025-03-08 14:00:20,93.41,2.96,288.72,0.04
2025-03-08 14:00:25,58.86,2.3,303.89,0.07
2025-03-08 14:00:30,84.63,2.61,321.74,0.06
2025-03-08 14:00:35,91.91,2.43,354.43,0.03
2025-03-08 14:00:40,97.23,2.19,345.38,0.07
2025-03-08 14:00:45,84.16,1.11,295.08,0.02
2025-03-08 14:00:50,74.86,1.91,314.77,0.06
2025-03-08 14:00:55,80.89,2.35,308.65,0.05
2025-03-08 14:01:00,93.45,2.36,305.63,0.03
2025-03-08 14:01:05,78.53,1.75,329.34,0.06
2025-03-08 14:01:10,51.52,2.88,364.48,0.09
2025-03-08 14:01:15,96.55,1.33,306.09,0.1
2025-03-08 14:01:20,84.48,2.0,324.0,0.06
2025-03-08 14:01:25,83.83,2.38,326.91,0.05
2025-03-08 14:01:30,60.78,2.39,397.17,0.03
2025-03-08 14:01:35,82.94,2.3,394.56,0.03
2025-03-08 14:01:40,69.69,1.55,376.02,0.05
2025-03-08 14:01:45,82.56,1.31,309.0,0.04
2025-03-08 14:01:50,55.33,2.27,288.16,0.09
2025-03-08 14:01:55,82.89,2.2,318.03,0.04
2025-03-08 14:02:00,99.97,1.36,312.02,0.04
2025-03-08 14:02:05,52.41,2.41,340.71,0.04
2025-03-08 14:02:10,98.86,1.91,373.33,0.09
2025-03-08 14:02:15,70.35,2.34,383.0,0.07
2025-03-08 14:02:20,93.54,2.67,381.38,0.07
2025-03-08 14:02:25,89.12,1.34,323.16,0.04
2025-03-08 14:02:30,78.35,1.04,362.47,0.08
2025-03-08 14:02:35,86.92,2.56,317.54,0.01
2025-03-08 14:02:40,93.93,2.22,287.31,0.09
2025-03-08 14:02:45,70.21,2.4,364.19,0.06
2025-03-08 14:02:50,66.35,2.68,281.18,0.05
2025-03-08 14:02:55,83.38,2.61,329.1,0.05
2025-03-08 14:03:00,90.39,2.92,319.53,0.07
2025-03-08 14:03:05,88.11,2.07,363.21,0.01
2025-03-08 14:03:10,89.89,1.98,371.95,0.09
2025-03-08 14:03:15,71.78,1.8,316.49,0.05
2025-03-08 14:03:20,90.89,1.31,377.4,0.04
2025-03-08 14:03:25,56.01,2.15,315.27,0.02
2025-03-08 14:03:30,77.22,1.55,333.56,0.05
2025-03-08 14:03:35,50.29,2.84,367.24,0.05
2025-03-08 14:03:40,66.23,2.17,363.15,0.05
2025-03-08 14:03:45,68.32,2.19,398.48,0.07
2025-03-08 14:03:50,69.81,1.71,307.02,0.05
2025-03-08 14:03:55,84.77,1.1,359.48,0.1
2025-03-08 14:04:00,69.43,1.06,353.16,0.06
2025-03-08 14:04:05,72.43,1.85,389.81,0.08
2025-03-08 14:04:10,61.88,1.17,298.76,0.02
2025-03-08 14:04:15,68.66,2.21,370.22,0.05
2025-03-08 14:04:20,61.36,2.76,348.19,0.04
2025-03-08 14:04:25,53.66,2.77,312.96,0.06
2025-03-08 14:04:30,80.17,2.32,336.93,0.09
2025-03-08 14:04:35,83.41,1.42,320.05,0.02
2025-03-08 14:04:40,80.97,2.73,349.52,0.02
2025-03-08 14:04:45,73.17,2.77,386.68,0.09
2025-03-08 14:04:50,68.99,1.39,348.32,0.03
2025-03-08 14:04:55,93.17,2.47,355.81,0.07
2025-03-08 14:05:00,75.95,1.57,342.25,0.06
2025-03-08 14:05:05,73.96,2.61,286.14,0.08
2025-03-08 14:05:10,51.28,2.99,307.94,0.02
2025-03-08 14:05:15,67.06,1.06,339.04,0.02
2025-03-08 14:05:20,69.01,2.79,317.23,0.06
2025-03-08 14:05:25,69.94,2.25,301.81,0.1
2025-03-08 14:05:30,79.01,2.95,340.5,0.05
2025-03-08 14:05:35,76.68,1.93,318.74,0.04
2025-03-08 14:05:40,80.4,2.69,310.97,0.06
2025-03-08 14:05:45,88.24,1.12,335.68,0.09
2025-03-08 14:05:50,90.65,1.67,295.99,0.09
2025-03-08 14:05:55,85.91,1.13,391.33,0.1
2025-03-08 14:06:00,97.78,2.95,384.12,0.01
2025-03-08 14:06:05,50.91,2.63,364.91,0.02
2025-03-08 14:06:10,59.79,2.71,292.75,0.06
2025-03-08 14:06:15,50.38,2.88,373.11,0.08
2025-03-08 14:06:20,82.37,1.17,376.95,0.04
2025-03-08 14:06:25,94.9,1.77,372.13,0.03
2025-03-08 14:06:30,62.17,1.14,293.68,0.08
2025-03-08 14:06:35,96.35,1.42,357.27,0.02
2025-03-08 14:06:40,53.01,1.46,380.12,0.04
2025-03-08 14:06:45,96.72,1.94,349.28,0.06
2025-03-08 14:06:50,67.58,1.54,357.57,0.06
2025-03-08 14:06:55,55.07,1.2,335.0,0.08
2025-03-08 14:07:00,74.29,1.33,343.44,0.04
2025-03-08 14:07:05,62.84,1.29,284.13,0.07
2025-03-08 14:07:10,64.24,2.95,356.68,0.06
2025-03-08 14:07:15,65.36,2.52,289.77,0.06
2025-03-08 14:07:20,90.15,2.94,332.2,0.07
2025-03-08 14:07:25,76.96,1.88,315.12,0.03
2025-03-08 14:07:30,65.57,1.56,345.45,0.02
2025-03-08 14:07:35,80.52,2.6,296.01,0.02
2025-03-08 14:07:40,85.81,1.65,363.0,0.03
2025-03-08 14:07:45,63.63,1.6,375.4,0.06
2025-03-08 14:07:50,70.68,1.47,299.6,0.09
2025-03-08 14:07:55,56.09,1.26,292.52,0.07
2025-03-08 14:08:00,59.06,1.51,297.46,0.08
2025-03-08 14:08:05,84.06,1.71,385.26,0.04
2025-03-08 14:08:10,59.07,2.35,343.38,0.05
2025-03-08 14:08:15,76.26,1.13,336.07,0.05
2025-03-08 14:08:20,85.45,1.42,292.81,0.03
2025-03-08 14:08:25,55.34,2.62,357.95,0.02
2025-03-08 14:08:30,78.37,1.29,384.16,0.06
2025-03-08 14:08:35,62.83,1.69,379.38,0.1
2025-03-08 14:08:40,98.15,2.73,355.13,0.03
2025-03-08 14:08:45,74.18,1.31,289.03,0.01
2025-03-08 14:08:50,90.3,1.17,293.49,0.08
2025-03-08 14:08:55,77.51,1.97,285.92,0.03
2025-03-08 14:09:00,52.17,1.6,310.9,0.08
2025-03-08 14:09:05,81.66,2.13,296.28,0.07
2025-03-08 14:09:10,97.57,2.61,311.21,0.1
2025-03-08 14:09:15,80.08,1.27,326.21,0.05
2025-03-08 14:09:20,90.96,2.16,393.16,0.07
2025-03-08 14:09:25,94.21,2.01,353.25,0.05
2025-03-08 14:09:30,61.4,1.29,380.2,0.07
2025-03-08 14:09:35,60.6,2.25,365.24,0.05
2025-03-08 14:09:40,80.55,1.55,293.5,0.03
2025-03-08 14:09:45,70.55,1.98,368.31,0.06
2025-03-08 14:09:50,91.99,1.16,313.01,0.06
2025-03-08 14:09:55,95.0,1.92,356.69,0.08
2025-03-08 14:10:00,67.67,1.61,320.92,0.08
2025-03-08 14:10:05,61.84,2.64,399.72,0.07
2025-03-08 14:10:10,89.03,1.11,311.63,0.02
2025-03-08 14:10:15,63.74,1.84,313.5,0.07
2025-03-08 14:10:20,91.13,1.92,391.68,0.06
2025-03-08 14:10:25,71.19,2.45,282.96,0.09
2025-03-08 14:10:30,83.38,2.15,363.6,0.09
2025-03-08 14:10:35,54.78,2.33,367.04,0.01
2025-03-08 14:10:40,81.19,2.55,380.37,0.08
2025-03-08 14:10:45,72.59,2.72,396.93,0.01
2025-03-08 14:10:50,79.33,1.63,397.07,0.04
2025-03-08 14:10:55,58.4,2.08,287.83,0.06
2025-03-08 14:11:00,86.84,2.68,378.62,0.02
2025-03-08 14:11:05,93.14,2.98,357.56,0.08
2025-03-08 14:11:10,60.84,2.78,357.68,0.01
2025-03-08 14:11:15,54.79,1.74,295.4,0.03
2025-03-08 14:11:20,51.18,1.39,358.02,0.06
2025-03-08 14:11:25,82.1,1.98,397.9,0.07
2025-03-08 14:11:30,80.35,2.48,389.42,0.09
2025-03-08 14:11:35,77.33,1.99,332.7,0.07
2025-03-08 14:11:40,61.6,1.97,284.79,0.07
2025-03-08 14:11:45,69.55,2.68,323.48,0.05
2025-03-08 14:11:50,79.72,1.72,379.17,0.01
2025-03-08 14:11:55,74.84,2.72,364.18,0.02
2025-03-08 14:12:00,99.39,1.81,335.12,0.06
2025-03-08 14:12:05,56.82,1.66,286.61,0.07
2025-03-08 14:12:10,84.76,1.91,331.23,0.05
2025-03-08 14:12:15,70.22,2.52,336.28,0.08
2025-03-08 14:12:20,71.41,1.25,391.43,0.06
2025-03-08 14:12:25,85.88,1.39,356.93,0.02
2025-03-08 14:12:30,84.62,2.9,317.4,0.03
2025-03-08 14:12:35,99.56,1.35,343.04,0.09
2025-03-08 14:12:40,56.42,2.14,287.93,0.08
2025-03-08 14:12:45,55.21,2.16,396.71,0.09
2025-03-08 14:12:50,86.22,1.98,323.21,0.02
2025-03-08 14:12:55,78.92,2.29,337.34,0.1
2025-03-08 14:13:00,63.71,1.46,322.63,0.03
2025-03-08 14:13:05,53.97,2.11,361.9,0.01
2025-03-08 14:13:10,54.28,1.74,359.47,0.1
2025-03-08 14:13:15,94.71,2.32,365.84,0.04
2025-03-08 14:13:20,59.59,1.28,312.18,0.07
2025-03-08 14:13:25,66.17,2.14,317.88,0.03
2025-03-08 14:13:30,61.33,1.37,295.03,0.06
2025-03-08 14:13:35,67.75,1.56,358.66,0.09
2025-03-08 14:13:40,53.47,1.44,284.78,0.04
2025-03-08 14:13:45,75.95,1.37,351.72,0.07
2025-03-08 14:13:50,53.38,2.65,384.36,0.03
2025-03-08 14:13:55,90.02,1.57,386.9,0.07
2025-03-08 14:14:00,61.69,2.85,333.88,0.04
2025-03-08 14:14:05,77.0,2.94,335.12,0.03
2025-03-08 14:14:10,94.0,2.14,289.24,0.04
2025-03-08 14:14:15,82.54,1.29,360.49,0.03
2025-03-08 14:14:20,76.65,1.75,378.55,0.09
2025-03-08 14:14:25,66.22,2.6,309.36,0.05
2025-03-08 14:14:30,66.65,1.73,330.56,0.03
2025-03-08 14:14:35,83.47,1.17,380.66,0.05
2025-03-08 14:14:40,99.71,2.11,385.25,0.04
2025-03-08 14:14:45,83.09,2.69,309.18,0.08
2025-03-08 14:14:50,77.89,2.59,346.07,0.1
2025-03-08 14:14:55,86.53,1.35,303.1,0.05
2025-03-08 14:15:00,73.26,2.35,292.23,0.09
2025-03-08 14:15:05,53.01,1.44,389.33,0.06
2025-03-08 14:15:10,78.11,1.44,378.46,0.02
2025-03-08 14:15:15,97.88,2.75,371.2,0.07
2025-03-08 14:15:20,58.77,1.5,285.85,0.06
2025-03-08 14:15:25,84.5,1.53,381.25,0.07
2025-03-08 14:15:30,60.05,1.0,332.57,0.09
2025-03-08 14:15:35,76.79,2.74,321.09,0.05
2025-03-08 14:15:40,54.83,2.59,345.58,0.09
2025-03-08 14:15:45,72.52,2.25,290.96,0.08
2025-03-08 14:15:50,87.81,2.5,370.8,0.05
2025-03-08 14:15:55,67.38,1.3,349.89,0.06
2025-03-08 14:16:00,83.25,1.92,302.39,0.04
2025-03-08 14:16:05,89.77,1.7,302.59,0.1
2025-03-08 14:16:10,96.36,1.19,302.11,0.07
2025-03-08 14:16:15,61.73,1.97,286.84,0.01
2025-03-08 14:16:20,69.97,2.84,350.54,0.04
2025-03-08 14:16:25,57.62,1.08,380.84,0.07
2025-03-08 14:16:30,99.62,1.58,282.1,0.02
2025-03-08 14:16:35,96.35,1.42,285.88,0.01
2025-03-08 14:16:40,77.0,1.48,348.73,0.05
2025-03-08 14:16:45,92.1,2.82,378.34,0.04
2025-03-08 14:16:50,76.05,1.94,319.21,0.05
2025-03-08 14:16:55,81.18,1.93,321.95,0.03
2025-03-08 14:17:00,54.46,2.52,351.56,0.02
2025-03-08 14:17:05,87.76,1.31,312.91,0.07
2025-03-08 14:17:10,56.39,1.97,283.19,0.06
2025-03-08 14:17:15,91.3,1.86,368.23,0.03
2025-03-08 14:17:20,89.1,2.19,355.08,0.04
2025-03-08 14:17:25,85.44,3.0,349.69,0.06
2025-03-08 14:17:30,51.81,2.54,369.0,0.02
2025-03-08 14:17:35,65.16,1.8,361.03,0.02
2025-03-08 14:17:40,63.16,2.66,304.71,0.02
2025-03-08 14:17:45,68.01,1.34,322.3,0.08
2025-03-08 14:17:50,54.38,1.06,295.13,0.08
2025-03-08 14:17:55,96.85,1.41,295.58,0.08
2025-03-08 14:18:00,77.69,1.68,361.14,0.07
2025-03-08 14:18:05,65.28,2.02,383.03,0.07
2025-03-08 14:18:10,69.85,2.23,395.53,0.05
2025-03-08 14:18:15,72.36,2.82,355.4,0.07
2025-03-08 14:18:20,80.03,2.02,302.09,0.01
2025-03-08 14:18:25,75.78,2.0,292.68,0.07
2025-03-08 14:18:30,95.97,1.1,377.54,0.08
2025-03-08 14:18:35,74.85,1.07,349.45,0.06
2025-03-08 14:18:40,99.61,2.1,354.19,0.04
2025-03-08 14:18:45,92.57,1.88,373.78,0.03
2025-03-08 14:18:50,60.43,2.68,364.39,0.07
2025-03-08 14:18:55,96.53,1.32,380.13,0.07
2025-03-08 14:19:00,55.82,1.05,286.75,0.09
2025-03-08 14:19:05,90.87,1.9,369.7,0.04
2025-03-08 14:19:10,69.03,1.47,382.1,0.08
2025-03-08 14:19:15,93.9,1.1,314.34,0.06
2025-03-08 14:19:20,93.4,2.45,356.85,0.09
2025-03-08 14:19:25,90.3,1.22,317.7,0.06
2025-03-08 14:19:30,89.5,2.22,394.96,0.06
2025-03-08 14:19:35,65.23,1.56,284.01,0.06
2025-03-08 14:19:40,54.05,1.35,349.58,0.08
2025-03-08 14:19:45,70.15,1.76,299.98,0.1
2025-03-08 14:19:50,58.68,2.6,365.47,0.02
2025-03-08 14:19:55,84.75,1.78,301.11,0.01
2025-03-08 14:20:00,67.3,2.5,308.25,0.09
2025-03-08 14:20:05,98.78,1.25,339.32,0.06
2025-03-08 14:20:10,82.05,2.55,389.78,0.07
2025-03-08 14:20:15,91.12,1.47,305.41,0.05
2025-03-08 14:20:20,56.63,2.35,297.31,0.02
2025-03-08 14:20:25,93.1,2.13,371.08,0.08
2025-03-08 14:20:30,96.14,2.86,340.07,0.08
2025-03-08 14:20:35,74.35,1.77,389.41,0.04
2025-03-08 14:20:40,80.31,1.13,297.59,0.04
2025-03-08 14:20:45,88.24,1.04,357.51,0.09
2025-03-08 14:20:50,58.74,2.65,307.95,0.02
2025-03-08 14:20:55,75.13,2.05,298.81,0.09
2025-03-08 14:21:00,69.93,2.55,362.01,0.03
2025-03-08 14:21:05,57.32,1.47,351.24,0.06
2025-03-08 14:21:10,68.38,1.69,370.58,0.09
2025-03-08 14:21:15,53.41,1.06,317.14,0.07
2025-03-08 14:21:20,51.29,2.92,333.76,0.05
2025-03-08 14:21:25,56.76,2.34,328.66,0.07
2025-03-08 14:21:30,98.16,2.87,398.09,0.04
2025-03-08 14:21:35,77.48,1.53,315.07,0.03
2025-03-08 14:21:40,98.29,2.22,315.38,0.1
2025-03-08 14:21:45,71.62,2.36,322.55,0.08
2025-03-08 14:21:50,65.59,1.64,347.75,0.07
2025-03-08 14:21:55,75.31,2.7,310.28,0.04
2025-03-08 14:22:00,71.98,2.89,389.83,0.01
2025-03-08 14:22:05,55.28,2.77,311.88,0.01
2025-03-08 14:22:10,82.04,2.48,387.5,0.06
2025-03-08 14:22:15,60.8,1.55,292.42,0.08
2025-03-08 14:22:20,80.98,1.56,358.79,0.06
2025-03-08 14:22:25,82.51,2.93,388.84,0.09
2025-03-08 14:22:30,57.6,1.02,300.25,0.01
2025-03-08 14:22:35,53.07,2.43,396.2,0.04
2025-03-08 14:22:40,89.04,2.41,334.35,0.03
2025-03-08 14:22:45,72.99,2.25,393.49,0.05
2025-03-08 14:22:50,52.91,2.98,361.22,0.02
2025-03-08 14:22:55,99.74,1.62,316.19,0.1
2025-03-08 14:23:00,52.89,1.68,302.6,0.03
2025-03-08 14:23:05,84.75,1.16,316.45,0.09
2025-03-08 14:23:10,99.18,1.89,291.16,0.05
2025-03-08 14:23:15,61.96,1.52,297.26,0.1
2025-03-08 14:23:20,57.11,1.69,292.56,0.06
2025-03-08 14:23:25,56.07,2.67,330.75,0.09
2025-03-08 14:23:30,65.16,2.87,375.47,0.01
2025-03-08 14:23:35,55.05,1.37,296.97,0.08
2025-03-08 14:23:40,84.61,1.75,295.64,0.09
2025-03-08 14:23:45,53.11,2.86,357.21,0.02
2025-03-08 14:23:50,75.47,1.12,303.66,0.02
2025-03-08 14:23:55,99.83,1.18,291.71,0.05
2025-03-08 14:24:00,90.7,1.33,300.02,0.09
2025-03-08 14:24:05,80.76,2.19,390.85,0.06
2025-03-08 14:24:10,65.31,1.3,378.58,0.06
2025-03-08 14:24:15,81.19,2.94,322.49,0.02
2025-03-08 14:24:20,76.35,1.89,358.7,0.01
2025-03-08 14:24:25,71.3,2.0,344.47,0.08
2025-03-08 14:24:30,56.54,1.49,361.25,0.02
2025-03-08 14:24:35,94.33,1.94,361.92,0.07
2025-03-08 14:24:40,72.49,2.32,355.45,0.09
2025-03-08 14:24:45,59.73,2.5,311.93,0.03
2025-03-08 14:24:50,68.39,2.51,284.68,0.07
2025-03-08 14:24:55,70.71,2.16,334.67,0.02
2025-03-08 14:25:00,91.38,2.81,386.92,0.06
2025-03-08 14:25:05,86.68,2.63,348.34,0.02
2025-03-08 14:25:10,88.47,2.51,379.89,0.08
2025-03-08 14:25:15,50.55,1.11,398.99,0.04
2025-03-08 14:25:20,70.81,1.01,299.63,0.05
2025-03-08 14:25:25,74.07,1.42,363.01,0.06
2025-03-08 14:25:30,50.96,2.33,360.92,0.03
2025-03-08 14:25:35,62.99,1.82,397.59,0.08
2025-03-08 14:25:40,88.01,1.8,398.27,0.04
2025-03-08 14:25:45,56.86,2.77,362.4,0.07
2025-03-08 14:25:50,76.77,2.79,309.23,0.02
2025-03-08 14:25:55,60.76,2.82,375.83,0.07
2025-03-08 14:26:00,50.61,1.63,292.84,0.02
2025-03-08 14:26:05,62.06,2.38,373.68,0.05
2025-03-08 14:26:10,98.79,1.54,389.22,0.03
2025-03-08 14:26:15,90.08,1.38,325.94,0.08
2025-03-08 14:26:20,97.98,1.37,355.68,0.03
2025-03-08 14:26:25,74.39,1.68,331.62,0.09
2025-03-08 14:26:30,55.49,1.86,332.53,0.09
2025-03-08 14:26:35,77.4,2.66,317.24,0.03
2025-03-08 14:26:40,72.72,1.24,371.46,0.07
2025-03-08 14:26:45,92.22,2.47,392.34,0.02
2025-03-08 14:26:50,54.9,2.06,392.89,0.05
2025-03-08 14:26:55,74.41,1.58,300.97,0.07
2025-03-08 14:27:00,57.5,1.99,384.97,0.07
2025-03-08 14:27:05,66.23,1.6,368.49,0.07
2025-03-08 14:27:10,86.87,2.19,310.34,0.04
2025-03-08 14:27:15,73.8,1.87,288.07,0.04
2025-03-08 14:27:20,68.79,1.33,312.16,0.02
2025-03-08 14:27:25,69.72,1.23,389.46,0.07
2025-03-08 14:27:30,72.97,2.09,355.98,0.06
2025-03-08 14:27:35,89.25,2.8,366.53,0.07
2025-03-08 14:27:40,94.6,1.69,310.86,0.03
2025-03-08 14:27:45,97.77,2.47,366.33,0.04
2025-03-08 14:27:50,89.35,2.32,283.37,0.04
2025-03-08 14:27:55,65.77,2.86,325.04,0.01
2025-03-08 14:28:00,84.41,2.64,355.21,0.04
2025-03-08 14:28:05,71.88,2.13,297.53,0.08
2025-03-08 14:28:10,62.73,2.31,378.76,0.09
2025-03-08 14:28:15,92.04,2.8,308.2,0.06
2025-03-08 14:28:20,51.92,1.8,358.27,0.05
2025-03-08 14:28:25,95.09,1.65,328.62,0.01
2025-03-08 14:28:30,73.07,1.02,351.53,0.09
2025-03-08 14:28:35,81.86,2.65,292.89,0.01
2025-03-08 14:28:40,82.97,2.6,282.03,0.1
2025-03-08 14:28:45,94.76,1.21,389.15,0.05
2025-03-08 14:28:50,81.83,2.15,312.36,0.04
2025-03-08 14:28:55,80.7,1.93,378.36,0.09
2025-03-08 14:29:00,53.33,1.24,399.92,0.01
2025-03-08 14:29:05,75.92,2.96,305.37,0.06
2025-03-08 14:29:10,57.51,1.43,311.82,0.06
2025-03-08 14:29:15,86.87,1.13,359.54,0.03
2025-03-08 14:29:20,75.61,2.19,395.85,0.05
2025-03-08 14:29:25,84.01,2.48,389.9,0.07
2025-03-08 14:29:30,52.08,1.06,340.35,0.08
2025-03-08 14:29:35,54.24,2.32,375.41,0.01
2025-03-08 14:29:40,85.82,2.06,296.29,0.09
2025-03-08 14:29:45,53.6,1.21,397.29,0.02
2025-03-08 14:29:50,53.56,1.35,395.72,0.03
2025-03-08 14:29:55,50.61,2.14,299.65,0.03
2025-03-08 14:30:00,97.83,1.59,315.93,0.01
2025-03-08 14:30:05,86.88,2.88,292.02,0.02
2025-03-08 14:30:10,67.66,2.64,312.61,0.1
2025-03-08 14:30:15,64.83,2.97,377.91,0.04
2025-03-08 14:30:20,67.49,1.52,325.4,0.02
2025-03-08 14:30:25,88.73,2.94,290.61,0.02
2025-03-08 14:30:30,83.07,1.86,321.07,0.07
2025-03-08 14:30:35,59.26,1.7,397.77,0.09
2025-03-08 14:30:40,58.71,1.1,355.56,0.03
2025-03-08 14:30:45,54.92,1.11,329.94,0.01
2025-03-08 14:30:50,83.02,2.38,299.98,0.03
2025-03-08 14:30:55,88.22,1.92,398.34,0.02
2025-03-08 14:31:00,63.25,1.45,378.5,0.02
2025-03-08 14:31:05,51.05,2.23,313.78,0.05
2025-03-08 14:31:10,54.11,1.51,288.41,0.03
2025-03-08 14:31:15,98.39,2.16,286.8,0.06
2025-03-08 14:31:20,64.77,1.72,294.45,0.03
2025-03-08 14:31:25,88.46,2.65,349.69,0.09
2025-03-08 14:31:30,81.23,2.64,391.45,0.09
2025-03-08 14:31:35,69.1,1.95,339.61,0.06
2025-03-08 14:31:40,60.28,1.7,381.15,0.04
2025-03-08 14:31:45,56.07,1.73,333.51,0.04
2025-03-08 14:31:50,80.75,2.61,365.03,0.05
2025-03-08 14:31:55,88.73,1.66,367.82,0.08
2025-03-08 14:32:00,82.2,1.42,300.88,0.05
2025-03-08 14:32:05,76.52,1.17,323.35,0.09
2025-03-08 14:32:10,52.1,1.93,356.48,0.09
2025-03-08 14:32:15,98.42,1.96,288.48,0.04
2025-03-08 14:32:20,89.94,2.68,323.38,0.06
2025-03-08 14:32:25,64.64,1.44,344.18,0.02
2025-03-08 14:32:30,99.0,1.76,399.55,0.03
2025-03-08 14:32:35,80.09,2.62,336.94,0.05
2025-03-08 14:32:40,79.12,2.65,377.93,0.03
2025-03-08 14:32:45,87.4,1.77,331.85,0.09
2025-03-08 14:32:50,90.59,1.92,375.57,0.02
2025-03-08 14:32:55,82.82,1.61,351.45,0.05
2025-03-08 14:33:00,56.4,2.87,386.39,0.06
2025-03-08 14:33:05,66.91,1.24,329.31,0.07
2025-03-08 14:33:10,96.4,2.87,352.52,0.04
2025-03-08 14:33:15,61.23,2.37,355.6,0.09
2025-03-08 14:33:20,68.61,2.06,330.09,0.06
2025-03-08 14:33:25,71.6,1.07,297.32,0.05
2025-03-08 14:33:30,71.97,1.95,291.23,0.02
2025-03-08 14:33:35,80.65,1.82,282.0,0.05
2025-03-08 14:33:40,97.15,1.32,384.82,0.08
2025-03-08 14:33:45,62.03,2.31,308.38,0.07
2025-03-08 14:33:50,56.08,2.94,305.38,0.08
2025-03-08 14:33:55,59.87,2.12,368.32,0.05
2025-03-08 14:34:00,94.35,2.43,318.4,0.02
2025-03-08 14:34:05,82.29,1.14,340.73,0.01
2025-03-08 14:34:10,64.3,1.84,299.5,0.04
2025-03-08 14:34:15,90.8,1.23,395.17,0.07
2025-03-08 14:34:20,93.07,2.23,382.19,0.08
2025-03-08 14:34:25,92.33,2.88,383.65,0.04
2025-03-08 14:34:30,95.95,2.32,328.81,0.05
2025-03-08 14:34:35,62.61,1.15,371.48,0.05
2025-03-08 14:34:40,87.75,1.71,297.27,0.05
2025-03-08 14:34:45,73.03,2.1,281.03,0.03
2025-03-08 14:34:50,92.1,1.81,282.4,0.02
2025-03-08 14:34:55,86.42,2.67,350.39,0.03
2025-03-08 14:35:00,88.82,2.63,334.65,0.01
2025-03-08 14:35:05,82.81,2.22,342.16,0.03
2025-03-08 14:35:10,58.87,1.75,280.9,0.01
2025-03-08 14:35:15,77.25,1.51,330.72,0.07
2025-03-08 14:35:20,99.23,1.21,366.17,0.04
2025-03-08 14:35:25,96.87,1.71,333.12,0.1
2025-03-08 14:35:30,52.16,1.83,367.87,0.03
2025-03-08 14:35:35,58.24,2.35,307.96,0.04
2025-03-08 14:35:40,56.59,2.32,377.58,0.04
2025-03-08 14:35:45,86.3,1.14,350.61,0.01
2025-03-08 14:35:50,90.89,1.79,305.29,0.09
2025-03-08 14:35:55,60.68,1.36,308.41,0.01
2025-03-08 14:36:00,75.29,1.31,355.36,0.09
2025-03-08 14:36:05,92.04,2.65,379.59,0.09
2025-03-08 14:36:10,86.64,1.08,329.88,0.06
2025-03-08 14:36:15,77.11,1.84,311.0,0.06
2025-03-08 14:36:20,79.52,1.34,384.04,0.07
2025-03-08 14:36:25,75.42,2.76,360.31,0.04
2025-03-08 14:36:30,64.88,2.11,333.77,0.07
2025-03-08 14:36:35,78.25,1.46,338.55,0.01
2025-03-08 14:36:40,84.44,2.0,304.51,0.01
2025-03-08 14:36:45,93.67,2.46,355.22,0.05
2025-03-08 14:36:50,81.81,2.92,323.05,0.06
2025-03-08 14:36:55,88.06,1.44,399.48,0.09
2025-03-08 14:37:00,58.0,2.77,337.62,0.02
2025-03-08 14:37:05,73.08,2.87,338.31,0.08
2025-03-08 14:37:10,50.47,2.83,347.9,0.03
2025-03-08 14:37:15,62.33,2.27,390.01,0.05
2025-03-08 14:37:20,86.32,2.26,376.1,0.04
2025-03-08 14:37:25,99.59,1.81,334.14,0.05
2025-03-08 14:37:30,54.96,2.5,366.24,0.02
2025-03-08 14:37:35,70.07,2.06,350.35,0.06
2025-03-08 14:37:40,90.0,2.35,339.08,0.08
2025-03-08 14:37:45,60.2,1.86,303.08,0.05
2025-03-08 14:37:50,77.75,2.46,335.67,0.05
2025-03-08 14:37:55,86.65,2.65,309.5,0.09
2025-03-08 14:38:00,80.8,1.29,389.78,0.07
2025-03-08 14:38:05,59.4,2.67,320.25,0.05
2025-03-08 14:38:10,67.77,2.08,394.27,0.03
2025-03-08 14:38:15,89.19,2.69,343.97,0.09
2025-03-08 14:38:20,77.71,1.86,355.79,0.06
2025-03-08 14:38:25,50.26,1.76,345.15,0.03
2025-03-08 14:38:30,88.05,2.83,295.53,0.03
2025-03-08 14:38:35,51.77,1.5,325.1,0.08
2025-03-08 14:38:40,87.29,2.69,291.9,0.01
2025-03-08 14:38:45,60.12,1.97,354.75,0.1
2025-03-08 14:38:50,97.9,2.03,333.62,0.02
2025-03-08 14:38:55,68.4,1.62,373.36,0.08
2025-03-08 14:39:00,66.35,2.15,306.46,0.05
2025-03-08 14:39:05,57.44,1.65,299.75,0.05
2025-03-08 14:39:10,65.28,1.08,328.76,0.09
2025-03-08 14:39:15,93.83,1.54,391.19,0.05
2025-03-08 14:39:20,99.82,1.01,365.25,0.06
2025-03-08 14:39:25,68.42,2.96,330.27,0.01
2025-03-08 14:39:30,72.43,2.93,342.07,0.01
2025-03-08 14:39:35,86.1,1.79,290.11,0.03
2025-03-08 14:39:40,94.31,2.46,398.15,0.07
2025-03-08 14:39:45,79.65,1.69,359.97,0.02
2025-03-08 14:39:50,69.58,2.34,314.25,0.02
2025-03-08 14:39:55,70.63,2.61,350.3,0.05
2025-03-08 14:40:00,84.78,2.89,293.14,0.07
2025-03-08 14:40:05,50.16,1.8,395.9,0.07
2025-03-08 14:40:10,80.98,2.57,300.97,0.03
2025-03-08 14:40:15,67.77,1.53,357.76,0.02
2025-03-08 14:40:20,89.71,2.98,309.45,0.09
2025-03-08 14:40:25,54.65,1.05,366.11,0.03
2025-03-08 14:40:30,79.41,2.21,373.22,0.09
2025-03-08 14:40:35,74.05,2.32,360.81,0.09
2025-03-08 14:40:40,82.12,2.38,353.74,0.08
2025-03-08 14:40:45,53.24,1.24,387.1,0.03
2025-03-08 14:40:50,79.0,2.88,289.44,0.08
2025-03-08 14:40:55,78.07,1.36,319.71,0.08
2025-03-08 14:41:00,78.03,2.25,309.79,0.06
2025-03-08 14:41:05,80.17,1.45,398.56,0.04
2025-03-08 14:41:10,83.82,1.61,326.73,0.03
2025-03-08 14:41:15,90.25,2.09,367.91,0.02
2025-03-08 14:41:20,63.49,1.83,362.17,0.06
2025-03-08 14:41:25,91.25,1.32,305.45,0.06
2025-03-08 14:41:30,74.91,1.34,308.68,0.04
2025-03-08 14:41:35,53.85,1.84,313.75,0.05
2025-03-08 14:41:40,52.93,2.51,329.34,0.04
2025-03-08 14:41:45,66.71,2.8,308.12,0.07
2025-03-08 14:41:50,89.24,1.17,282.36,0.09
2025-03-08 14:41:55,85.38,1.79,385.53,0.02
2025-03-08 14:42:00,89.43,1.2,395.87,0.04
2025-03-08 14:42:05,75.86,1.03,320.99,0.02
2025-03-08 14:42:10,72.01,2.32,320.62,0.07
2025-03-08 14:42:15,57.37,2.2,280.85,0.08
2025-03-08 14:42:20,66.41,1.33,361.63,0.09
2025-03-08 14:42:25,71.7,1.47,379.05,0.04
2025-03-08 14:42:30,54.43,1.05,297.59,0.1
2025-03-08 14:42:35,61.03,2.67,299.16,0.02
2025-03-08 14:42:40,79.91,2.95,374.81,0.06
2025-03-08 14:42:45,86.78,1.27,353.95,0.02
2025-03-08 14:42:50,99.92,1.46,285.38,0.09
2025-03-08 14:42:55,96.66,2.74,354.71,0.06
2025-03-08 14:43:00,82.13,2.85,317.07,0.07
2025-03-08 14:43:05,71.06,1.84,324.25,0.08
2025-03-08 14:43:10,81.81,1.1,372.37,0.02
2025-03-08 14:43:15,89.28,1.08,377.31,0.01
2025-03-08 14:43:20,55.92,2.15,328.04,0.09
2025-03-08 14:43:25,70.5,1.79,393.66,0.04
2025-03-08 14:43:30,91.99,1.06,328.78,0.02
2025-03-08 14:43:35,69.19,2.17,372.62,0.05
2025-03-08 14:43:40,78.59,1.02,338.07,0.06
2025-03-08 14:43:45,79.39,2.57,387.7,0.01
2025-03-08 14:43:50,59.22,1.61,388.93,0.03
2025-03-08 14:43:55,68.11,1.08,290.49,0.01
2025-03-08 14:44:00,66.73,2.18,392.38,0.05
2025-03-08 14:44:05,51.31,1.8,379.06,0.09
2025-03-08 14:44:10,51.21,2.95,374.96,0.1
2025-03-08 14:44:15,91.58,2.09,304.11,0.07
2025-03-08 14:44:20,63.65,1.55,376.61,0.02
2025-03-08 14:44:25,75.9,2.42,382.02,0.09
2025-03-08 14:44:30,64.94,1.54,314.7,0.06
2025-03-08 14:44:35,97.03,2.81,394.27,0.02
2025-03-08 14:44:40,62.96,1.75,285.98,0.09
2025-03-08 14:44:45,71.48,2.1,297.99,0.08
2025-03-08 14:44:50,93.64,1.1,344.51,0.08
2025-03-08 14:44:55,92.1,1.85,349.1,0.07
2025-03-08 14:45:00,59.31,2.66,357.42,0.03
2025-03-08 14:45:05,90.13,2.61,282.04,0.03
2025-03-08 14:45:10,72.91,1.45,395.24,0.07
2025-03-08 14:45:15,74.15,1.45,285.35,0.03
2025-03-08 14:45:20,56.67,2.63,297.17,0.05
2025-03-08 14:45:25,54.03,2.86,281.68,0.08
2025-03-08 14:45:30,86.4,1.19,348.02,0.08
2025-03-08 14:45:35,74.82,1.9,391.87,0.05
2025-03-08 14:45:40,71.84,1.67,359.91,0.08
2025-03-08 14:45:45,86.48,2.74,378.72,0.09
2025-03-08 14:45:50,88.28,1.17,281.59,0.07
2025-03-08 14:45:55,57.95,1.42,345.04,0.03
2025-03-08 14:46:00,80.51,2.5,335.15,0.03
2025-03-08 14:46:05,56.77,1.1,339.88,0.04
2025-03-08 14:46:10,87.57,1.99,288.67,0.02
2025-03-08 14:46:15,82.85,1.88,362.13,0.03
2025-03-08 14:46:20,97.83,1.67,340.39,0.03
2025-03-08 14:46:25,53.45,1.79,371.82,0.05
2025-03-08 14:46:30,52.85,2.06,338.23,0.09
2025-03-08 14:46:35,64.11,1.32,297.93,0.02
